Electricity generated (kWh) from onsite renewable sources (wind or solar),Energy consumption (kWh) from biomass combustion (wood),Total electricity emissions,Total fossil fuel emissions,BUILDING AND STREET LIGHTING TOTAL,Fleet vehicles,Business Travel,Other,TRANSPORT TOTAL,CO2 EMISSIONS TOTAL,Total electricity emissions,Total fossil fuel emissions,Total biomass emissions,BUILDING AND STREET LIGHTING TOTAL,Fleet vehicles,Business Travel,Other,TRANSPORT TOTAL,NOX EMISSIONS TOTAL,Total electricity emissions,Total fossil fuel emissions,Total biomass emissions,BUILDING AND STREET LIGHTING TOTAL,Fleet vehicles,Business Travel,Other,TRANSPORT TOTAL,PM10 EMISSIONS TOTAL
,,,,,,,,,,,,,,,,,,,,,,,,,,,
*0.0,*3843751.7,*21460,*12457.7,*33917.7,*1594.6,*1426.5,*0.0,*3021.1,*36938.8,*46.5,*15.8,*2.1,*64.3,*7.6,*2.9,*0.0,*10.5,*74.8,*1.3,*0.2,*0.5,*2.1,*0.1,*0.1,*0.0,*0.2,*2.3
*0.0,*0.0,*48854.1,*35144.7,*83998.8,*3755.5,*4316,*0.0,*8071.4,*92070.3,*105.7,*44.6,*0.0,*150.3,*16.4,*0.4,*0.0,*16.8,*167.2,*3.1,*2.2,*0.0,*5.3,*0.9,*0,*0.0,*0.9,*6.2
0.0 ,0.0 ,690.8 ,137.2 ,827.9 ,277.6 ,68.5 ,0.0 ,346.1 ,"1,174.0 ",1.5 ,0.2 ,0.0 ,1.7 ,N/A,N/A,N/A,N/A,N/A,0.0 ,0.0 ,0.0 ,0.0 ,N/A,N/A,N/A,N/A,N/A
*0.0,*0.0,*849.9,*568,*1418,*1091,*119.9,*0.0,*1210.9,*2628.8,*1.8,*0.5,*0.0,*2.4,*5.6,*0.1,*0.0,*5.7,*8.1,*0.1,*0,*0.0,*0.1,*0.2,*0,*0.0,*0.2,*0.2
0.0 ,0.0 ,"3,056.1 ","1,741.3 ","4,797.4 ","1,303.3 ",86.4 ,0.0 ,"1,389.7 ","6,187.1 ",6.6 ,1.7 ,0.0 ,8.3 ,6.2 ,0.0 ,0.0 ,6.2 ,14.5 ,0.2 ,0.0 ,0.0 ,0.2 ,0.3 ,0.0 ,0.0 ,0.3 ,0.5 
0.0 ,0.0 ,"1,404.0 ",528.4 ,"1,932.4 ",0.0 ,"1,750.0 ",0.0 ,"1,750.0 ","3,682.4 ",3.0 ,0.7 ,0.0 ,3.7 ,0.0 ,7.2 ,0.0 ,7.2 ,10.9 ,0.1 ,0.0 ,0.0 ,0.1 ,0.0 ,0.3 ,0.0 ,0.3 ,0.4 
*0.0,*0.0,*1654.2,*1231.1,*2885.3,*834,*66.2,*0.0,*900.1,*3785.5,*3.6,*1.6,*0.0,*5.1,*N/A,*N/A,*N/A,*N/A,*N/A,*0.1,*0,*0.0,*0.1,*N/A,*N/A,*N/A,*N/A,*N/A
*0.0,*0.0,*1088.4,*1483.9,*2572.3,*786.6,*140.1,*0.0,*926.7,*3499.1,*2.4,*1.3,*0.0,*3.7,*N/A,*N/A,*N/A,*N/A,*N/A,*0.1,*0,*0.0,*0.1,*N/A,*N/A,*N/A,*N/A,*N/A
"5,411.0 ",0.0 ,"1,559.6 ","1,353.8 ","2,913.4 ",702.9 ,598.8 ,0.0 ,"1,301.7 ","4,215.1 ",3.4 ,1.2 ,0.0 ,4.6 ,3.1 ,3.3 ,0.0 ,6.5 ,11.1 ,0.1 ,0.0 ,0.0 ,0.1 ,0.1 ,0.1 ,0.0 ,0.2 ,0.3 
0.0 ,0.0 ,"1,206.5 ",764.8 ,"1,971.3 ",698.6 ,95.3 ,0.0 ,793.9 ,"2,765.2 ",2.6 ,1.0 ,0.0 ,3.6 ,3.3 ,0.0 ,0.0 ,3.3 ,6.9 ,0.1 ,0.0 ,0.0 ,0.1 ,0.1 ,0.0 ,0.0 ,0.1 ,0.2 
"5,411.0 ",0.0 ,"60,363.7 ","42,953.2 ","103,316.9 ","9,449.5 ","7,241.1 ",0.0 ,"16,690.6 ","120,007.5 ",130.7 ,52.7 ,0.0 ,183.4 ,34.6 ,11.1 ,0.0 ,45.8 ,229.2 ,3.8 ,2.3 ,0.0 ,6.1 ,1.6 ,0.4 ,0.0 ,2.0 ,8.2 
0.0 ,0.0 ,"39,011.4 ","21,338.1 ","60,349.5 ",0.0 ,0.0 ,"5,829.2 ","5,829.2 ","66,178.7 ",84.4 ,26.8 ,0.0 ,111.3 ,0.0 ,0.0 ,33.7 ,33.7 ,145.0 ,2.5 ,0.4 ,0.0 ,2.9 ,0.0 ,0.0 ,1.5 ,1.5 ,4.3 
0.0 ,"1,610,389.0 ","47,680.5 ","33,397.2 ","81,077.8 ","6,950.9 ","3,390.0 ",302.5 ,"10,643.5 ","91,721.3 ",103.2 ,32.4 ,0.9 ,136.4 ,N/A,N/A,N/A,N/A,N/A,3.0 ,3.0 ,0.2 ,6.2 ,N/A,N/A,N/A,N/A,N/A
0.0 ,0.0 ,"1,819.3 ",537.1 ,"2,356.4 ",456.3 ,65.6 ,0.0 ,521.9 ,"2,878.4 ",3.9 ,0.5 ,0.0 ,4.4 ,1.8 ,0.1 ,0.0 ,1.8 ,6.2 ,0.1 ,0.0 ,0.0 ,0.1 ,0.1 ,0.0 ,0.0 ,0.1 ,0.2 
0.0 ,0.0 ,"1,098.3 ",631.9 ,"1,730.1 ","2,333.1 ",129.4 ,0.0 ,"2,462.5 ","4,192.6 ",2.5 ,0.8 ,0.0 ,3.3 ,9.6 ,0.1 ,0.0 ,9.7 ,13.0 ,0.1 ,0.0 ,0.0 ,0.1 ,0.3 ,0.0 ,0.0 ,0.3 ,0.4 
0.0 ,0.0 ,527.0 ,358.0 ,885.1 ,446.6 ,96.4 ,0.0 ,543.0 ,"1,428.1 ",1.1 ,0.3 ,0.0 ,1.5 ,3.6 ,0.1 ,0.0 ,3.7 ,5.2 ,0.0 ,0.0 ,0.0 ,0.0 ,0.1 ,0.0 ,0.0 ,0.1 ,0.1 
*0.0,*0.0,*1223.6,*1476.3,*2699.9,*751.1,*353.8,*0.0,*1104.9,*3804.8,*2.6,*1.9,*0.0,*4.5,*3.7,*1.1,*0.0,*4.8,*9.3,*0.1,*0,*0.0,*0.1,*0.1,*0.1,*0.0,*0.2,*0.3
0.0 ,0.0 ,787.6 ,785.3 ,"1,572.9 ",578.6 ,69.4 ,0.0 ,648.1 ,"2,221.0 ",1.7 ,0.7 ,0.0 ,2.4 ,3.1 ,0.0 ,0.0 ,3.1 ,5.5 ,0.0 ,0.0 ,0.0 ,0.1 ,0.1 ,0.0 ,0.0 ,0.1 ,0.1 
*0.0,*0.0,*1848.2,*1329.3,*3177.6,*916.4,*184.2,*0.0,*1100.6,*4278.2,*4,*1.2,*0.0,*5.2,*5,*0.3,*0.0,*5.3,*10.5,*0.1,*0,*0.0,*0.1,*0.2,*0,*0.0,*0.2,*0.3
*0.0,*0.0,*591.8,*471.9,*1063.7,*334.8,*40.9,*0.0,*375.6,*1439.4,*1.3,*0.4,*0.0,*1.7,*2.1,*0.1,*0.0,*2.2,*3.9,*0,*0,*0.0,*0,*0.1,*0,*0.0,*0.1,*0.1
0.0 ,"1,610,389.0 ","55,576.3 ","38,987.2 ","94,563.5 ","12,767.9 ","4,329.8 ",302.5 ,"17,400.2 ","111,963.7 ",120.4 ,38.2 ,0.9 ,159.4 ,28.8 ,1.8 ,0.0 ,30.5 ,190.0 ,3.5 ,3.1 ,0.2 ,6.8 ,0.9 ,0.1 ,0.0 ,0.9 ,7.8 
0.0 ,0.0 ,"40,518.8 ","32,984.3 ","73,503.0 ","3,700.5 ","3,666.6 ",0.0 ,"7,367.1 ","80,870.2 ",87.7 ,27.1 ,0.0 ,114.8 ,7.6 ,2.8 ,0.0 ,10.4 ,125.2 ,2.5 ,1.0 ,0.0 ,3.5 ,0.2 ,0.1 ,0.0 ,0.3 ,3.9 
0.0 ,"77,814.0 ","1,652.3 ","1,586.1 ","3,238.5 ",466.0 ,38.1 ,0.0 ,504.1 ,"3,742.6 ",3.6 ,1.3 ,0.0 ,4.9 ,2.4 ,0.1 ,0.0 ,2.4 ,7.3 ,0.1 ,0.1 ,0.0 ,0.2 ,0.1 ,0.0 ,0.0 ,0.1 ,0.2 
0.0 ,0.0 ,"2,445.1 ","1,355.1 ","3,800.2 ","1,927.1 ",485.4 ,0.0 ,"2,412.5 ","6,212.7 ",5.3 ,1.2 ,0.0 ,6.5 ,9.6 ,0.2 ,0.0 ,9.8 ,16.3 ,0.2 ,0.0 ,0.0 ,0.2 ,0.3 ,0.0 ,0.0 ,0.3 ,0.5 
*0.0,*0.0,*3124,*1312.9,*4436.8,*1123.1,*63.7,*0.0,*1186.8,*5623.7,*6.8,*1.2,*0.0,*7.9,*9.5,*0.1,*0.0,*9.6,*17.6,*0.2,*0,*0.0,*0.2,*0.3,*0,*0.0,*0.3,*0.5
*0.0,*0.0,*1302,*1123.2,*2425.2,*542.8,*325.7,*0.0,*868.5,*3293.6,*2.8,*1,*0.0,*3.8,*3.3,*0.4,*0.0,*3.7,*7.5,*0.1,*0,*0.0,*0.1,*0.1,*0,*0.0,*0.1,*0.2
*0.0,*51700,*1813,*669,*2482,*554.6,*156.2,*0.0,*710.9,*3192.9,*3.9,*0.6,*0,*4.6,*2.6,*0.1,*0.0,*2.7,*7.2,*0.1,*0,*0,*0.1,*0.1,*0,*0.0,*0.1,*0.3
0.0 ,0.0 ,"3,747.3 ","2,604.7 ","6,352.0 ","1,860.0 ",213.2 ,0.0 ,"2,073.2 ","8,425.2 ",8.1 ,2.1 ,0.0 ,10.2 ,8.1 ,0.2 ,0.0 ,8.3 ,18.5 ,0.2 ,0.1 ,0.0 ,0.3 ,0.3 ,0.0 ,0.0 ,0.3 ,0.6 
0.0 ,0.0 ,885.1 ,445.4 ,"1,330.5 ",530.2 ,105.8 ,0.0 ,636.0 ,"1,966.4 ",1.9 ,0.4 ,0.0 ,2.3 ,2.2 ,0.1 ,0.0 ,2.3 ,4.6 ,0.1 ,0.0 ,0.0 ,0.1 ,0.1 ,0.0 ,0.0 ,0.1 ,0.1 
0.0 ,"129,514.0 ","55,487.6 ","42,080.6 ","97,568.3 ","10,704.4 ","5,054.7 ",0.0 ,"15,759.1 ","113,327.4 ",120.1 ,34.8 ,0.1 ,155.0 ,45.2 ,4.0 ,0.0 ,49.1 ,204.1 ,3.5 ,1.2 ,0.0 ,4.7 ,1.4 ,0.1 ,0.0 ,1.5 ,6.2 
*0.0,*0.0,*35659.7,*23445.8,*59105.5,*1081.9,*2394.8,*0.0,*3476.7,*62582.2,*77.2,*20.9,*0.0,*98.1,*N/A,*N/A,*N/A,*N/A,*N/A,*2.2,*0.4,*0.0,*2.6,*N/A,*N/A,*N/A,*N/A,*N/A
*0.0,*0.0,*2140.2,*4392.3,*6532.5,*683.8,*68.4,*0.0,*752.3,*7284.7,*4.6,*5.6,*0.0,*10.2,*N/A,*N/A,*N/A,*N/A,*N/A,*0.1,*0.1,*0.0,*0.2,*N/A,*N/A,*N/A,*N/A,*N/A
*0.0,*0.0,*1049.3,*651.6,*1701,*983.6,*135.5,*0.0,*1119.1,*2820,*2.3,*0.8,*0.0,*3.1,*4.6,*0.3,*0.0,*4.9,*8,*0.1,*0,*0.0,*0.1,*0.1,*0,*0.0,*0.1,*0.2
0.0 ,0.0 ,414.8 ,155.2 ,570.0 ,35.7 ,0.1 ,0.0 ,35.8 ,605.8 ,0.9 ,0.2 ,0.0 ,1.1 ,N/A,N/A,N/A,N/A,N/A,0.0 ,0.0 ,0.0 ,0.0 ,N/A,N/A,N/A,N/A,N/A
0.0 ,0.0 ,852.1 ,536.4 ,"1,388.5 ",760.7 ,53.3 ,0.0 ,813.9 ,"2,202.4 ",1.8 ,0.7 ,0.0 ,2.5 ,3.9 ,0.0 ,0.0 ,4.0 ,6.5 ,0.1 ,0.0 ,0.0 ,0.1 ,0.1 ,0.0 ,0.0 ,0.1 ,0.2 
0.0 ,0.0 ,"6,736.9 ","2,870.4 ","9,607.3 ","1,583.8 ",176.8 ,0.0 ,"1,760.5 ","11,367.8 ",14.6 ,3.6 ,0.0 ,18.2 ,N/A,N/A,N/A,N/A,N/A,0.4 ,0.1 ,0.0 ,0.5 ,N/A,N/A,N/A,N/A,N/A
*0.0,*0.0,*1380.3,*501.7,*1882,*1587.7,*78.6,*0.0,*1666.3,*3548.3,*3,*0.6,*0.0,*3.6,*8.9,*0.1,*0.0,*8.9,*12.6,*0.1,*0,*0.0,*0.1,*0.2,*0,*0.0,*0.2,*0.3
0.0 ,0.0 ,"1,022.2 ",776.1 ,"1,798.2 ",580.9 ,56.3 ,0.0 ,637.2 ,"2,435.5 ",2.2 ,1.0 ,0.0 ,3.2 ,N/A,N/A,N/A,N/A,N/A,0.1 ,0.0 ,0.0 ,0.1 ,N/A,N/A,N/A,N/A,N/A
0.0 ,0.0 ,"49,255.5 ","33,329.5 ","82,585.0 ","7,298.0 ","2,963.8 ",0.0 ,"10,261.8 ","92,846.8 ",106.6 ,33.4 ,0.0 ,140.0 ,17.4 ,0.4 ,0.0 ,17.8 ,157.9 ,3.1 ,0.6 ,0.0 ,3.7 ,0.4 ,0.0 ,0.0 ,0.4 ,4.1 
0.0 ,0.0 ,"34,177.7 ","21,148.3 ","55,326.0 ","6,071.8 ",993.7 ,0.0 ,"7,065.4 ","62,391.4 ",74.0 ,18.9 ,0.0 ,92.9 ,27.2 ,1.0 ,0.0 ,28.3 ,121.1 ,2.1 ,0.4 ,0.0 ,2.5 ,0.8 ,0.0 ,0.0 ,0.9 ,3.4 
0.0 ,"11,259,788.9 ","66,437.7 ","40,428.3 ","106,866.0 ","5,575.1 ","3,523.8 ",0.0 ,"9,098.9 ","115,964.9 ",143.8 ,52.1 ,6.1 ,202.0 ,31.1 ,2.6 ,0.0 ,33.7 ,235.7 ,4.2 ,6.7 ,1.5 ,12.3 ,1.7 ,0.1 ,0.0 ,1.8 ,14.1 
0.0 ,0.0 ,"2,555.7 ","1,125.1 ","3,680.8 ","2,265.2 ",130.0 ,0.0 ,"2,395.2 ","6,076.0 ",5.5 ,1.0 ,0.0 ,6.5 ,12.0 ,0.1 ,0.0 ,12.1 ,18.6 ,0.2 ,0.0 ,0.0 ,0.2 ,0.3 ,0.0 ,0.0 ,0.3 ,0.5 
0.0 ,0.0 ,721.6 ,645.7 ,"1,367.2 ",868.2 ,80.1 ,0.0 ,948.3 ,"2,315.6 ",1.6 ,0.6 ,0.0 ,2.1 ,4.6 ,0.1 ,0.0 ,4.8 ,6.9 ,0.0 ,0.0 ,0.0 ,0.1 ,0.1 ,0.0 ,0.0 ,0.1 ,0.2 
*0.0,*0.0,*1257.5,*1176.2,*2433.7,*1129.5,*118.3,*0.0,*1247.8,*3681.4,*2.7,*2.2,*0.0,*4.9,*3.8,*0.2,*0.0,*4,*8.9,*0.1,*0.2,*0.0,*0.3,*0.3,*0,*0.0,*0.3,*0.6
0.0 ,0.0 ,"1,512.4 ","2,649.7 ","4,162.1 ",571.0 ,70.8 ,0.0 ,641.8 ,"4,803.9 ",3.3 ,2.1 ,0.0 ,5.4 ,3.0 ,0.1 ,0.0 ,3.1 ,8.5 ,0.1 ,0.1 ,0.0 ,0.2 ,0.1 ,0.0 ,0.0 ,0.1 ,0.3 
0.0 ,"114,506.0 ","3,599.7 ","2,947.5 ","6,547.2 ","1,441.8 ",114.1 ,4.6 ,"1,560.5 ","8,107.7 ",7.8 ,4.3 ,0.1 ,12.1 ,5.6 ,0.0 ,0.0 ,5.6 ,17.7 ,0.2 ,1.5 ,0.0 ,1.8 ,0.2 ,0.0 ,0.0 ,0.2 ,2.0 
0.0 ,0.0 ,"2,405.9 ","2,160.0 ","4,565.9 ","1,244.2 ",176.8 ,0.0 ,"1,421.0 ","5,986.9 ",5.2 ,2.7 ,0.0 ,7.9 ,N/A,N/A,N/A,N/A,N/A,0.2 ,0.0 ,0.0 ,0.2 ,N/A,N/A,N/A,N/A,N/A
0.0 ,"737,148.8 ","1,915.6 ","1,834.5 ","3,750.1 ",913.2 ,77.2 ,0.0 ,990.4 ,"4,740.5 ",4.1 ,1.4 ,0.4 ,6.0 ,5.2 ,0.0 ,0.0 ,5.2 ,11.2 ,0.1 ,0.0 ,0.1 ,0.2 ,0.1 ,0.0 ,0.0 ,0.1 ,0.4 
0.0 ,"12,111,443.7 ","80,406.0 ","52,967.0 ","133,373.0 ","14,008.2 ","4,291.1 ",4.6 ,"18,304.0 ","151,677.0 ",174.1 ,66.4 ,6.5 ,247.0 ,65.4 ,3.1 ,0.0 ,68.5 ,315.6 ,5.1 ,8.6 ,1.6 ,15.2 ,2.9 ,0.1 ,0.0 ,3.0 ,18.2 
*34.8,*0.0,*2220.3,*1692.2,*3912.4,*466.6,*191.9,*0.0,*658.5,*4571,*4.8,*1.4,*0.0,*6.2,*1.5,*0.2,*0.0,*1.7,*7.9,*0.1,*0,*0.0,*0.2,*0,*0,*0.0,*0,*0.2
"5,445.8 ","17,695,098.4 ","397,958.4 ","266,953.8 ","664,912.2 ","62,360.9 ","26,492.6 ","6,136.3 ","94,989.9 ","759,902.1 ",861.5 ,288.5 ,9.6 ,"1,159.6 ",227.7 ,24.6 ,33.7 ,286.0 ,"1,445.6 ",25.0 ,16.9 ,2.4 ,44.3 ,8.1 ,0.9 ,1.5 ,10.5 ,54.7 
see below ,see below ,see below ,see below ,see below ,see below ,see below ,see below ,see below ,see below ,see below ,see below ,see below ,see below ,see below ,see below ,see below ,see below ,see below ,see below ,see below ,see below ,see below ,see below ,see below ,see below ,see below ,see below 
0.0 ,0.0 ,"34,723.0 ","20,583.3 ","55,306.2 ","2,953.7 ","7,583.1 ",147.4 ,"10,684.2 ","65,990.4 ",75.2 ,18.1 ,0.0 ,93.3 ,10.3 ,8.7 ,0.3 ,19.2 ,112.5 ,2.2 ,0.4 ,0.0 ,2.6 ,0.3 ,0.2 ,0.0 ,0.5 ,3.1 
*0.0,*0.0,*3683.5,*2139.7,*5823.2,*1354.3,*91.4,*0.0,*1445.7,*7268.9,*8,*1.7,*0.0,*9.7,*5.7,*0,*0.0,*5.7,*15.4,*0.2,*0,*0.0,*0.3,*0.3,*0,*0.0,*0.3,*0.5
0.0 ,0.0 ,306.2 ,3.8 ,310.0 ,0.0 ,263.6 ,0.0 ,263.6 ,573.6 ,0.7 ,0.0 ,0.0 ,0.7 ,0.0 ,1.2 ,0.0 ,1.2 ,1.8 ,0.0 ,0.0 ,0.0 ,0.0 ,0.0 ,0.0 ,0.0 ,0.0 ,0.0 
0.0 ,0.0 ,"1,817.8 ","1,167.0 ","2,984.7 ",933.6 ,208.5 ,0.0 ,"1,142.1 ","4,126.9 ",3.9 ,1.0 ,0.0 ,5.0 ,N/A,N/A,N/A,N/A,N/A,0.1 ,0.0 ,0.0 ,0.1 ,N/A,N/A,N/A,N/A,N/A
0.0 ,0.0 ,"3,391.0 ","1,317.6 ","4,708.6 ","1,865.9 ",171.1 ,0.0 ,"2,037.1 ","6,745.6 ",7.3 ,1.2 ,0.0 ,8.5 ,N/A,N/A,N/A,N/A,N/A,0.2 ,0.0 ,0.0 ,0.2 ,N/A,N/A,N/A,N/A,N/A
0.0 ,0.0 ,662.6 ,132.1 ,794.7 ,"1,164.5 ",204.0 ,0.0 ,"1,368.5 ","2,163.2 ",1.4 ,0.1 ,0.0 ,1.6 ,5.8 ,0.1 ,0.0 ,5.9 ,7.4 ,0.0 ,0.0 ,0.0 ,0.0 ,0.2 ,0.0 ,0.0 ,0.2 ,0.2 
0.0 ,0.0 ,"44,584.0 ","25,343.5 ","69,927.4 ","8,272.0 ","8,521.8 ",147.4 ,"16,941.2 ","86,868.6 ",96.5 ,22.2 ,0.0 ,118.7 ,21.8 ,10.0 ,0.3 ,32.0 ,150.7 ,2.8 ,0.5 ,0.0 ,3.3 ,0.7 ,0.2 ,0.0 ,1.0 ,4.3 
see below ,see below ,see below ,see below ,see below ,see below ,see below ,see below ,see below ,see below ,see below ,see below ,see below ,see below ,see below ,see below ,see below ,see below ,see below ,see below ,see below ,see below ,see below ,see below ,see below ,see below ,see below ,see below 
0.0 ,0.0 ,"59,458.6 ","7,405.4 ","66,864.0 ",905.0 ,"5,808.9 ",0.0 ,"6,713.9 ","73,577.9 ",128.7 ,9.4 ,0.0 ,138.1 ,N/A,N/A,N/A,N/A,N/A,3.7 ,0.1 ,0.0 ,3.9 ,N/A,N/A,N/A,N/A,N/A
0.0 ,0.0 ,"3,208.4 ","1,748.0 ","4,956.5 ","1,814.5 ",109.2 ,0.0 ,"1,923.7 ","6,880.1 ",6.9 ,1.5 ,0.0 ,8.5 ,N/A,N/A,N/A,N/A,N/A,0.2 ,0.0 ,0.0 ,0.2 ,N/A,N/A,N/A,N/A,N/A
0.0 ,0.0 ,"1,510.4 ","1,702.2 ","3,212.6 ",243.2 ,53.8 ,0.0 ,297.1 ,"3,509.7 ",3.3 ,1.6 ,0.0 ,4.9 ,1.1 ,0.1 ,0.0 ,1.1 ,6.0 ,0.1 ,0.0 ,0.0 ,0.1 ,0.0 ,0.0 ,0.0 ,0.0 ,0.2 
*0.0,*0.0,*1121.3,*1381.7,*2503,*0.0,*958,*0.0,*958,*3461,*2.4,*1.8,*0.0,*4.2,*0.0,*4.2,*0.0,*4.2,*8.3,*0.1,*0,*0.0,*0.1,*0.0,*0.1,*0.0,*0.1,*0.2
0.0 ,0.0 ,"1,158.4 ",929.6 ,"2,088.0 ",673.5 ,52.5 ,0.0 ,726.0 ,"2,814.0 ",2.5 ,1.2 ,0.0 ,3.7 ,3.9 ,0.1 ,0.0 ,3.9 ,7.6 ,0.1 ,0.0 ,0.0 ,0.1 ,0.1 ,0.0 ,0.0 ,0.1 ,0.2 
0.0 ,0.0 ,"4,234.3 ","2,103.4 ","6,337.7 ","3,503.9 ",509.9 ,0.0 ,"4,013.8 ","10,351.5 ",9.3 ,2.7 ,0.0 ,11.9 ,N/A,N/A,N/A,N/A,N/A,0.3 ,0.0 ,0.0 ,0.3 ,N/A,N/A,N/A,N/A,N/A
0.0 ,0.0 ,"4,798.0 ","4,175.0 ","8,973.0 ",936.4 ,164.1 ,0.0 ,"1,100.5 ","10,073.5 ",10.4 ,3.8 ,0.0 ,14.1 ,N/A,N/A,N/A,N/A,N/A,0.3 ,0.1 ,0.0 ,0.4 ,N/A,N/A,N/A,N/A,N/A
0.0 ,0.0 ,"2,404.4 ","2,509.3 ","4,913.7 ",127.9 ,182.2 ,0.0 ,310.2 ,"5,223.9 ",5.2 ,2.3 ,0.0 ,7.5 ,0.2 ,0.4 ,0.0 ,0.5 ,8.0 ,0.2 ,0.0 ,0.0 ,0.2 ,0.0 ,0.0 ,0.0 ,0.0 ,0.2 
0.0 ,0.0 ,"1,627.7 ","1,548.0 ","3,175.8 ",462.9 ,144.8 ,0.0 ,607.7 ,"3,783.5 ",3.5 ,1.4 ,0.0 ,4.9 ,2.1 ,0.1 ,0.0 ,2.2 ,7.1 ,0.1 ,0.0 ,0.0 ,0.1 ,0.1 ,0.0 ,0.0 ,0.1 ,0.2 
*0.0,*0.0,*920.2,*494.7,*1414.9,*472,*60.4,*0.0,*532.4,*1947.3,*2,*0.4,*0.0,*2.4,*2.8,*0,*0.0,*2.9,*5.3,*0.1,*0,*0.0,*0.1,*0.1,*0,*0.0,*0.1,*0.2
0.0 ,0.0 ,"1,018.6 ",613.1 ,"1,631.6 ",1.8 ,567.3 ,0.0 ,569.1 ,"2,200.7 ",2.2 ,0.8 ,0.0 ,3.0 ,N/A,N/A,N/A,N/A,N/A,0.1 ,0.0 ,0.0 ,0.1 ,N/A,N/A,N/A,N/A,N/A
0.0 ,0.0 ,"2,881.9 ",912.9 ,"3,794.8 ",28.6 ,"2,373.1 ",0.0 ,"2,401.7 ","6,196.5 ",6.2 ,1.1 ,0.0 ,7.4 ,0.0 ,11.7 ,0.0 ,11.7 ,19.1 ,0.2 ,0.0 ,0.0 ,0.2 ,0.0 ,0.3 ,0.0 ,0.3 ,0.5 
0.0 ,0.0 ,753.0 ,"1,297.0 ","2,050.0 ","1,136.6 ",116.8 ,0.0 ,"1,253.4 ","3,303.4 ",1.6 ,1.1 ,0.0 ,2.8 ,5.9 ,0.1 ,0.0 ,6.0 ,8.8 ,0.0 ,0.0 ,0.0 ,0.1 ,0.1 ,0.0 ,0.0 ,0.1 ,0.2 
0.0 ,0.0 ,"85,095.2 ","26,820.4 ","111,915.6 ","10,306.4 ","11,101.0 ",0.0 ,"21,407.4 ","133,323.0 ",184.3 ,29.0 ,0.0 ,213.3 ,15.9 ,16.6 ,0.0 ,32.6 ,245.9 ,5.4 ,0.5 ,0.0 ,5.8 ,0.5 ,0.5 ,0.0 ,1.0 ,6.8 
*0.0,*0.0,*72471.6,*72085.5,*144557.2,*19484.5,*4530,*0.0,*24014.5,*168571.6,*156.9,*63.8,*0.0,*220.7,*97.3,*3.3,*0.0,*100.7,*321.3,*4.6,*1.1,*0.0,*5.7,*2.9,*0.1,*0.0,*3,*8.7
0.0 ,0.0 ,"1,810.9 ","1,233.5 ","3,044.4 ",995.7 ,48.5 ,0.0 ,"1,044.2 ","4,088.6 ",3.9 ,1.1 ,0.0 ,5.0 ,5.4 ,0.0 ,0.0 ,5.4 ,10.5 ,0.1 ,0.0 ,0.0 ,0.1 ,0.2 ,0.0 ,0.0 ,0.2 ,0.4 
0.0 ,0.0 ,"2,481.8 ","2,157.6 ","4,639.4 ","1,283.0 ",149.2 ,0.0 ,"1,432.2 ","6,071.6 ",5.4 ,1.9 ,0.0 ,7.3 ,6.0 ,0.2 ,0.0 ,6.2 ,13.5 ,0.2 ,0.0 ,0.0 ,0.2 ,0.2 ,0.0 ,0.0 ,0.2 ,0.4 
0.0 ,0.0 ,"1,632.7 ","1,313.1 ","2,945.8 ","1,374.5 ",198.6 ,0.0 ,"1,573.1 ","4,518.9 ",3.5 ,1.1 ,0.0 ,4.6 ,7.4 ,0.3 ,0.0 ,7.7 ,12.3 ,0.1 ,0.0 ,0.0 ,0.1 ,0.2 ,0.0 ,0.0 ,0.3 ,0.4 
0.0 ,0.0 ,"4,581.0 ","2,177.0 ","6,758.0 ",973.8 ,141.9 ,0.0 ,"1,115.8 ","7,873.7 ",9.9 ,2.0 ,0.0 ,11.9 ,5.4 ,0.2 ,0.0 ,5.5 ,17.4 ,0.3 ,0.0 ,0.0 ,0.3 ,0.1 ,0.0 ,0.0 ,0.1 ,0.5 
0.0 ,0.0 ,"2,839.7 ","2,005.5 ","4,845.2 ",147.7 ,729.7 ,0.0 ,877.4 ,"5,722.7 ",6.2 ,1.8 ,0.0 ,8.0 ,0.3 ,3.6 ,0.0 ,3.9 ,11.9 ,0.2 ,0.0 ,0.0 ,0.2 ,0.0 ,0.1 ,0.0 ,0.1 ,0.4 
0.0 ,0.0 ,"4,949.7 ","1,213.2 ","6,162.9 ","1,075.9 ",165.3 ,0.0 ,"1,241.2 ","7,404.1 ",10.7 ,1.1 ,0.0 ,11.9 ,4.6 ,0.2 ,0.0 ,4.8 ,16.6 ,0.3 ,0.0 ,0.0 ,0.3 ,0.2 ,0.0 ,0.0 ,0.2 ,0.5 
0.0 ,0.0 ,"4,120.0 ","1,264.1 ","5,384.1 ",709.4 ,48.6 ,0.0 ,758.0 ,"6,142.1 ",8.9 ,1.1 ,0.0 ,10.1 ,4.0 ,0.1 ,0.0 ,4.0 ,14.1 ,0.3 ,0.0 ,0.0 ,0.3 ,0.1 ,0.0 ,0.0 ,0.1 ,0.4 
0.0 ,0.0 ,674.0 ,163.4 ,837.4 ,924.9 ,61.5 ,0.0 ,986.4 ,"1,823.8 ",1.5 ,0.1 ,0.0 ,1.6 ,5.8 ,0.0 ,0.0 ,5.8 ,7.4 ,0.0 ,0.0 ,0.0 ,0.0 ,0.1 ,0.0 ,0.0 ,0.1 ,0.2 
0.0 ,0.0 ,"2,078.5 ",935.6 ,"3,014.1 ",738.1 ,31.2 ,0.0 ,769.3 ,"3,783.4 ",4.5 ,0.8 ,0.0 ,5.3 ,3.7 ,0.0 ,0.0 ,3.8 ,9.1 ,0.1 ,0.0 ,0.0 ,0.1 ,0.1 ,0.0 ,0.0 ,0.1 ,0.3 
0.0 ,0.0 ,"1,952.5 ",447.8 ,"2,400.4 ","1,110.0 ",136.8 ,0.0 ,"1,246.8 ","3,647.2 ",4.2 ,0.4 ,0.0 ,4.6 ,6.2 ,0.1 ,0.0 ,6.3 ,10.9 ,0.1 ,0.0 ,0.0 ,0.1 ,0.2 ,0.0 ,0.0 ,0.2 ,0.3 
0.0 ,0.0 ,"99,592.6 ","84,996.3 ","184,588.8 ","28,817.5 ","6,241.4 ",0.0 ,"35,059.0 ","219,647.8 ",215.6 ,75.4 ,0.0 ,291.0 ,145.9 ,8.1 ,0.0 ,154.0 ,445.0 ,6.3 ,1.4 ,0.0 ,7.6 ,4.4 ,0.3 ,0.0 ,4.7 ,12.3 
*0.0,*0.0,*19879.9,*19413.2,*39293,*2119.4,*517.6,*0.0,*2637,*41930,*43,*16.6,*0.0,*59.7,*8.7,*0.5,*0.0,*9.2,*68.8,*1.2,*0.8,*0.0,*2,*0.2,*0,*0.0,*0.2,*2.2
0.0 ,0.0 ,"46,421.6 ","35,137.2 ","81,558.8 ","5,148.3 ","5,902.9 ",614.1 ,"11,665.3 ","93,224.1 ",100.5 ,30.2 ,0.0 ,130.7 ,N/A,N/A,N/A,N/A,N/A,2.9 ,1.0 ,0.0 ,3.9 ,N/A,N/A,N/A,N/A,N/A
0.0 ,0.0 ,"1,756.0 ","1,265.9 ","3,021.9 ",0.0 ,"1,862.2 ",0.0 ,"1,862.2 ","4,884.1 ",3.8 ,1.6 ,0.0 ,5.4 ,0.0 ,7.6 ,0.0 ,7.6 ,13.0 ,0.1 ,0.0 ,0.0 ,0.1 ,0.0 ,0.2 ,0.0 ,0.2 ,0.3 
*0.0,*0.0,*413.1,*91.5,*504.6,*196.1,*105.6,*0.0,*301.7,*806.3,*0.9,*0.1,*0.0,*1,*0.8,*0.2,*0.0,*1.1,*2.1,*0,*0,*0.0,*0,*0,*0,*0.0,*0,*0
0.0 ,0.0 ,"1,341.6 ",424.1 ,"1,765.7 ",660.7 ,108.6 ,0.0 ,769.3 ,"2,535.0 ",2.9 ,0.3 ,0.0 ,3.2 ,3.6 ,0.0 ,0.0 ,3.7 ,6.9 ,0.1 ,0.0 ,0.0 ,0.1 ,0.1 ,0.0 ,0.0 ,0.1 ,0.2 
*0.0,*0.0,*3394.5,*1834.6,*5229.1,*144,*1608.9,*0.0,*1752.9,*6982,*7.3,*1.6,*0.0,*9,*0.4,*7.8,*0.0,*8.2,*17.2,*0.2,*0,*0.0,*0.2,*0,*0.2,*0.0,*0.2,*0.5
0.0 ,0.0 ,"1,556.3 ",967.7 ,"2,524.0 ","1,123.0 ",152.0 ,0.0 ,"1,275.0 ","3,799.0 ",3.4 ,0.9 ,0.0 ,4.2 ,5.0 ,0.3 ,0.0 ,5.2 ,9.5 ,0.1 ,0.0 ,0.0 ,0.1 ,0.1 ,0.0 ,0.0 ,0.1 ,0.3 
0.0 ,0.0 ,"4,980.9 ","3,735.2 ","8,716.1 ",0.0 ,"16,173.1 ",0.0 ,"16,173.1 ","24,889.2 ",10.8 ,3.4 ,0.0 ,14.1 ,N/A,N/A,N/A,N/A,N/A,0.3 ,0.1 ,0.0 ,0.4 ,N/A,N/A,N/A,N/A,N/A
N/A,N/A,N/A,N/A,N/A,N/A,N/A,N/A,N/A,N/A,N/A,N/A,N/A,N/A,N/A,N/A,N/A,N/A,N/A,N/A,N/A,N/A,N/A,N/A,N/A,N/A,N/A,N/A
0.0 ,0.0 ,"61,095.1 ","44,227.8 ","105,323.0 ","7,800.8 ","26,005.1 ",614.1 ,"34,420.0 ","139,742.9 ",132.3 ,38.7 ,0.0 ,171.0 ,12.0 ,16.1 ,0.0 ,28.2 ,199.1 ,3.8 ,1.1 ,0.0 ,5.0 ,0.3 ,0.4 ,0.0 ,0.8 ,5.8 
0.0 ,0.0 ,"19,655.2 ","13,770.8 ","33,426.0 ","2,130.4 ",649.1 ,0.0 ,"2,779.5 ","36,205.6 ",42.5 ,12.3 ,0.0 ,54.8 ,10.9 ,0.7 ,0.0 ,11.6 ,66.4 ,1.2 ,0.2 ,0.0 ,1.5 ,0.4 ,0.0 ,0.0 ,0.4 ,1.9 
0.0 ,0.0 ,"12,964.6 ","10,013.4 ","22,977.9 ",0.0 ,"1,834.6 ",0.0 ,"1,834.6 ","24,812.5 ",28.1 ,12.7 ,0.0 ,40.8 ,N/A,N/A,N/A,N/A,N/A,0.8 ,0.2 ,0.0 ,1.0 ,N/A,N/A,N/A,N/A,N/A
0.0 ,"1,881,749.1 ","40,995.6 ","26,157.3 ","67,152.8 ","4,715.1 ","11,547.6 ",0.0 ,"16,262.7 ","83,415.5 ",88.7 ,30.0 ,1.0 ,119.8 ,16.4 ,26.8 ,0.0 ,43.2 ,163.0 ,2.6 ,0.8 ,0.3 ,3.6 ,0.6 ,0.7 ,0.0 ,1.3 ,4.9 
0.0 ,0.0 ,"1,068.1 ",636.2 ,"1,704.3 ",755.4 ,187.4 ,0.0 ,942.8 ,"2,647.2 ",2.3 ,0.8 ,0.0 ,3.1 ,4.2 ,1.0 ,0.0 ,5.2 ,8.3 ,0.1 ,0.0 ,0.0 ,0.1 ,0.1 ,0.0 ,0.0 ,0.1 ,0.2 
"62,202.0 ",0.0 ,532.0 ,528.0 ,"1,060.1 ",205.3 ,82.3 ,0.0 ,287.6 ,"1,347.6 ",1.2 ,0.7 ,0.0 ,1.8 ,0.6 ,0.0 ,0.0 ,0.7 ,2.5 ,0.0 ,0.0 ,0.0 ,0.0 ,0.0 ,0.0 ,0.0 ,0.0 ,0.0 
0.0 ,"49,584.0 ","5,534.4 ","1,805.6 ","7,340.1 ","1,841.9 ",5.6 ,0.0 ,"1,847.6 ","9,187.6 ",12.0 ,2.3 ,0.0 ,14.3 ,8.7 ,0.0 ,0.0 ,8.7 ,23.0 ,0.3 ,0.0 ,0.0 ,0.4 ,0.3 ,0.0 ,0.0 ,0.3 ,0.7 
0.0 ,0.0 ,"1,375.8 ",542.5 ,"1,918.3 ",950.2 ,118.8 ,0.0 ,"1,069.0 ","2,987.3 ",3.0 ,0.7 ,0.0 ,3.7 ,4.4 ,0.1 ,0.0 ,4.5 ,8.1 ,0.1 ,0.0 ,0.0 ,0.1 ,0.1 ,0.0 ,0.0 ,0.1 ,0.2 
*0.0,*0.0,*1789.6,*963.8,*2753.4,*1259.5,*130.4,*0.0,*1389.9,*4143.3,*3.9,*1.2,*0.0,*5.1,*7.3,*0.2,*0.0,*7.5,*12.6,*0.1,*0,*0.0,*0.1,*0.2,*0,*0.0,*0.2,*0.4
*0.0,*0.0,*1652.1,*1057.3,*2709.5,*945.2,*188.8,*0.0,*1133.9,*3843.4,*3.6,*1.2,*0.0,*4.8,*3.5,*0.3,*0.0,*3.8,*8.6,*0.1,*0,*0.0,*0.1,*0.1,*0,*0.0,*0.1,*0.2
0.0 ,0.0 ,"1,583.1 ","1,082.9 ","2,666.0 ",396.6 ,168.0 ,0.0 ,564.6 ,"3,230.6 ",3.4 ,1.4 ,0.0 ,4.8 ,1.7 ,0.2 ,0.0 ,2.0 ,6.8 ,0.1 ,0.0 ,0.0 ,0.1 ,0.0 ,0.0 ,0.0 ,0.1 ,0.2 
"62,202.0 ","1,931,333.1 ","54,530.8 ","32,773.6 ","87,304.4 ","11,069.2 ","12,428.8 ",0.0 ,"23,498.0 ","110,802.5 ",118.0 ,38.3 ,1.0 ,157.4 ,47.0 ,28.6 ,0.0 ,75.6 ,233.0 ,3.4 ,0.9 ,0.3 ,4.6 ,1.4 ,0.7 ,0.0 ,2.2 ,6.8 
0.0 ,0.0 ,"13,678.1 ","6,163.7 ","19,841.8 ",578.5 ,655.1 ,0.0 ,"1,233.6 ","21,075.4 ",29.6 ,5.6 ,0.0 ,35.2 ,2.0 ,3.4 ,0.0 ,5.4 ,40.7 ,0.9 ,0.1 ,0.0 ,1.0 ,0.1 ,0.1 ,0.0 ,0.2 ,1.2 
"62,202.0 ","1,931,333.1 ","442,433.1 ","283,641.0 ","726,074.1 ","76,340.6 ","68,925.6 ",761.5 ,"146,027.6 ","872,101.7 ",957.9 ,274.4 ,1.0 ,"1,233.3 ",285.1 ,84.4 ,0.3 ,369.8 ,"1,603.1 ",27.8 ,6.0 ,0.3 ,34.1 ,8.7 ,2.4 ,0.0 ,11.1 ,45.2 
"8,500.0 ",0.0 ,"14,266.7 ","8,827.7 ","23,094.4 ","2,651.4 ",600.8 ,57.1 ,"3,309.3 ","26,403.7 ",30.9 ,7.9 ,0.0 ,38.8 ,N/A,N/A,N/A,N/A,N/A,0.9 ,0.1 ,0.0 ,1.0 ,N/A,N/A,N/A,N/A,N/A
0.0 ,0.0 ,"25,564.3 ","17,558.1 ","43,122.5 ","3,857.6 ",487.4 ,0.0 ,"4,345.0 ","47,467.5 ",55.3 ,15.6 ,0.0 ,70.9 ,19.4 ,0.6 ,0.0 ,20.0 ,90.9 ,1.6 ,0.3 ,0.0 ,1.9 ,0.9 ,0.0 ,0.0 ,0.9 ,2.8 
0.0 ,0.0 ,"20,621.0 ","12,223.8 ","32,844.8 ","1,129.5 ",347.3 ,0.0 ,"1,476.8 ","34,321.6 ",44.6 ,11.0 ,0.0 ,55.7 ,7.7 ,0.2 ,0.0 ,7.9 ,63.6 ,1.3 ,0.2 ,0.0 ,1.5 ,0.3 ,0.0 ,0.0 ,0.3 ,1.8 
0.0 ,0.0 ,"22,279.5 ","13,927.5 ","36,207.0 ",403.2 ,"2,612.2 ",0.0 ,"3,015.4 ","39,222.4 ",48.2 ,12.1 ,0.0 ,60.4 ,1.2 ,13.1 ,0.0 ,14.2 ,74.6 ,1.4 ,0.3 ,0.0 ,1.7 ,0.1 ,0.4 ,0.0 ,0.5 ,2.2 
0.0 ,0.0 ,"22,262.6 ","15,188.1 ","37,450.7 ","2,756.3 ",603.6 ,0.0 ,"3,359.9 ","40,810.6 ",48.2 ,18.2 ,0.0 ,66.4 ,19.5 ,0.0 ,0.0 ,19.5 ,86.0 ,1.4 ,0.4 ,0.0 ,1.8 ,0.8 ,0.0 ,0.0 ,0.8 ,2.5 
*0.0,*0.0,*18841.9,*10362.6,*29204.5,*4629.2,*133.6,*0.0,*4762.8,*33967.3,*40.8,*9.3,*0.0,*50.1,*9.3,*0.1,*0.0,*9.4,*59.5,*1.2,*0.2,*0.0,*1.3,*0.2,*0,*0.0,*0.2,*1.6
0.0 ,0.0 ,"32,159.0 ","7,294.6 ","39,453.6 ",945.5 ,0.0 ,0.0 ,945.5 ,"40,399.1 ",69.8 ,12.4 ,0.0 ,82.2 ,4.7 ,0.0 ,0.0 ,4.7 ,86.9 ,2.0 ,1.2 ,0.0 ,3.3 ,0.1 ,0.0 ,0.0 ,0.1 ,3.4 
0.0 ,0.0 ,"26,473.7 ","17,384.4 ","43,858.1 ","4,705.6 ",509.8 ,0.0 ,"5,215.4 ","49,073.5 ",57.3 ,21.9 ,0.0 ,79.2 ,N/A,N/A,N/A,N/A,N/A,1.7 ,0.3 ,0.0 ,2.0 ,N/A,N/A,N/A,N/A,N/A
0.0 ,0.0 ,"20,276.5 ","13,472.3 ","33,748.9 ","3,888.7 ",285.2 ,0.0 ,"4,173.9 ","37,922.8 ",43.9 ,12.1 ,0.0 ,56.0 ,15.2 ,0.2 ,0.0 ,15.4 ,71.4 ,1.3 ,0.2 ,0.0 ,1.5 ,0.5 ,0.0 ,0.0 ,0.5 ,2.0 
0.0 ,0.0 ,"22,479.6 ","15,628.8 ","38,108.4 ","2,629.3 ",459.6 ,0.0 ,"3,088.9 ","41,197.3 ",48.7 ,18.6 ,0.0 ,67.2 ,9.9 ,2.2 ,0.0 ,12.1 ,79.3 ,1.4 ,0.3 ,0.0 ,1.7 ,0.3 ,0.1 ,0.0 ,0.4 ,2.1 
0.0 ,0.0 ,"28,310.0 ","15,802.8 ","44,112.8 ","4,635.6 ",515.2 ,0.0 ,"5,150.8 ","49,263.6 ",61.3 ,19.9 ,0.0 ,81.2 ,37.3 ,0.2 ,0.0 ,37.5 ,118.7 ,1.8 ,0.3 ,0.0 ,2.1 ,1.5 ,0.0 ,0.0 ,1.5 ,3.5 
*0.0,*0.0,*15952.6,*12701.9,*28654.5,*3320.5,*209.6,*0.0,*3530.1,*32184.6,*34.5,*11.7,*0.0,*46.2,*14.8,*0.3,*0.0,*15.1,*61.3,*1,*0.3,*0.0,*1.3,*0.3,*0,*0.0,*0.3,*1.6
0.0 ,0.0 ,"12,969.2 ","8,981.8 ","21,951.0 ","2,372.3 ",102.6 ,0.0 ,"2,474.9 ","24,425.9 ",28.1 ,10.9 ,0.0 ,39.0 ,8.6 ,0.1 ,0.0 ,8.7 ,47.7 ,0.8 ,0.2 ,0.0 ,1.0 ,0.3 ,0.0 ,0.0 ,0.3 ,1.3 
0.0 ,0.0 ,"21,056.6 ","15,079.2 ","36,135.9 ","3,183.9 ",233.6 ,0.0 ,"3,417.5 ","39,553.3 ",45.6 ,18.9 ,0.0 ,64.5 ,N/A,N/A,N/A,N/A,N/A,1.3 ,0.3 ,0.0 ,1.6 ,N/A,N/A,N/A,N/A,N/A
0.0 ,0.0 ,"15,056.4 ","13,589.5 ","28,645.9 ","2,057.1 ",200.3 ,0.0 ,"2,257.4 ","30,903.2 ",32.6 ,12.0 ,0.0 ,44.5 ,N/A,N/A,N/A,N/A,N/A,0.9 ,0.2 ,0.0 ,1.1 ,N/A,N/A,N/A,N/A,N/A
*0.0,*89760,*15703.4,*10455.5,*26158.9,*1663.5,*420.4,*0.0,*2083.9,*28242.8,*34,*9.6,*0,*43.6,*7.6,*0.3,*0.0,*8,*51.6,*1,*0.2,*0,*1.2,*0.3,*0,*0.0,*0.3,*1.5
0.0 ,0.0 ,"22,654.5 ","14,884.8 ","37,539.3 ","1,660.9 ","1,583.9 ",0.0 ,"3,244.8 ","40,784.1 ",49.0 ,18.9 ,0.0 ,67.9 ,0.8 ,5.6 ,0.0 ,6.3 ,74.2 ,1.4 ,0.3 ,0.0 ,1.7 ,0.0 ,0.2 ,0.0 ,0.2 ,1.9 
0.0 ,0.0 ,"19,735.1 ","13,421.5 ","33,156.6 ","1,190.5 ",464.7 ,0.0 ,"1,655.2 ","34,811.8 ",42.7 ,14.9 ,0.0 ,57.6 ,7.6 ,0.3 ,0.0 ,7.8 ,65.4 ,1.2 ,0.2 ,0.0 ,1.5 ,0.3 ,0.0 ,0.0 ,0.3 ,1.8 
"4,938.0 ","23,139.0 ","16,582.3 ","11,438.9 ","28,021.2 ","2,666.0 ",0.0 ,0.0 ,"2,666.0 ","30,687.2 ",35.9 ,14.5 ,0.0 ,50.4 ,4.9 ,0.0 ,0.0 ,4.9 ,55.3 ,1.0 ,0.2 ,0.0 ,1.3 ,0.3 ,0.0 ,0.0 ,0.3 ,1.6 
0.0 ,0.0 ,"14,410.3 ","6,705.0 ","21,115.3 ","2,459.7 ",45.5 ,0.0 ,"2,505.2 ","23,620.5 ",31.2 ,5.7 ,0.0 ,36.9 ,9.0 ,0.0 ,0.0 ,9.1 ,46.0 ,0.9 ,0.1 ,0.0 ,1.0 ,0.4 ,0.0 ,0.0 ,0.4 ,1.4 
*0.0,*0.0,*9275.6,*4925.8,*14201.3,*2640.1,*700.5,*24.8,*3365.4,*17566.8,*20.1,*4,*0.0,*24,*N/A,*N/A,*N/A,*N/A,*N/A,*0.6,*0.2,*0.0,*0.8,*N/A,*N/A,*N/A,*N/A,*N/A
*0.0,*0.0,*24704.6,*26142.5,*50847.1,*5588.7,*84.8,*0.0,*5673.6,*56520.7,*53.5,*30.1,*0.0,*83.6,*N/A,*N/A,*N/A,*N/A,*N/A,*1.6,*0.6,*0.0,*2.2,*N/A,*N/A,*N/A,*N/A,*N/A
0.0 ,0.0 ,"16,999.6 ","11,507.1 ","28,506.6 ","2,553.6 ",112.0 ,0.0 ,"2,665.7 ","31,172.3 ",36.8 ,10.2 ,0.0 ,47.0 ,N/A,N/A,N/A,N/A,N/A,1.1 ,0.2 ,0.0 ,1.2 ,N/A,N/A,N/A,N/A,N/A
0.0 ,0.0 ,"6,892.5 ","1,961.4 ","8,853.9 ","1,129.2 ",222.8 ,0.0 ,"1,352.1 ","10,206.0 ",14.9 ,2.5 ,0.0 ,17.4 ,5.4 ,0.1 ,0.0 ,5.5 ,22.9 ,0.4 ,0.0 ,0.0 ,0.5 ,0.2 ,0.0 ,0.0 ,0.2 ,0.6 
0.0 ,0.0 ,"24,083.6 ","17,581.6 ","41,665.1 ","2,331.7 ",209.3 ,0.0 ,"2,541.0 ","44,206.1 ",52.1 ,15.8 ,0.0 ,68.0 ,8.0 ,0.2 ,0.0 ,8.2 ,76.2 ,1.5 ,0.3 ,0.0 ,1.8 ,0.2 ,0.0 ,0.0 ,0.2 ,2.0 
*0.0,*0.0,*18881.7,*12321.5,*31203.2,*4586.4,*341.1,*5.2,*4932.6,*36135.9,*40.9,*15.6,*0.0,*56.4,*8.9,*0,*0.0,*8.9,*65.4,*1.2,*0.2,*0.0,*1.4,*0.3,*0,*0.0,*0.3,*1.7
*0.0,*0.0,*11188,*5928.9,*17116.9,*2316.3,*409.4,*0.0,*2725.7,*19842.6,*24.2,*5.1,*0.0,*29.4,*11,*0.8,*0.0,*11.8,*41.1,*0.7,*0.1,*0.0,*0.8,*0.4,*0,*0.0,*0.5,*1.3
0.0 ,0.0 ,"19,845.3 ","13,442.0 ","33,287.2 ","2,635.3 ",416.8 ,76.5 ,"3,128.5 ","36,415.8 ",43.0 ,17.0 ,0.0 ,60.0 ,11.6 ,0.5 ,0.1 ,12.2 ,72.2 ,1.2 ,0.2 ,0.0 ,1.5 ,0.4 ,0.0 ,0.0 ,0.4 ,1.9 
0.0 ,0.0 ,"15,859.8 ","9,310.8 ","25,170.6 ","4,228.0 ",242.8 ,0.0 ,"4,470.7 ","29,641.3 ",34.3 ,8.2 ,0.0 ,42.5 ,15.9 ,0.1 ,0.0 ,16.0 ,58.6 ,1.0 ,0.2 ,0.0 ,1.2 ,0.9 ,0.0 ,0.0 ,0.9 ,2.0 
*0.0,*0.0,*20162.3,*16967.1,*37129.4,*640.2,*1951.8,*8.9,*2600.9,*39730.3,*43.6,*21.5,*0.0,*65.1,*2.4,*7.3,*0,*9.6,*74.8,*1.3,*0.3,*0.0,*1.6,*0,*0.1,*0,*0.1,*1.7
0.0 ,0.0 ,"18,675.0 ","15,165.2 ","33,840.2 ","2,356.8 ",134.8 ,80.8 ,"2,572.4 ","36,412.6 ",40.4 ,13.7 ,0.0 ,54.1 ,11.4 ,0.2 ,0.0 ,11.5 ,65.6 ,1.2 ,0.2 ,0.0 ,1.4 ,0.5 ,0.0 ,0.0 ,0.5 ,1.9 
0.0 ,0.0 ,"20,138.2 ","14,526.2 ","34,664.4 ","2,797.0 ",163.5 ,0.0 ,"2,960.5 ","37,624.9 ",43.7 ,12.6 ,0.0 ,56.3 ,9.7 ,0.2 ,0.0 ,9.9 ,66.2 ,1.3 ,0.2 ,0.0 ,1.5 ,0.3 ,0.0 ,0.0 ,0.3 ,1.8 
0.0 ,0.0 ,"21,114.4 ","6,084.8 ","27,199.2 ",74.1 ,0.0 ,0.0 ,74.1 ,"27,273.2 ",45.7 ,7.7 ,0.0 ,53.4 ,0.1 ,0.0 ,0.0 ,0.1 ,53.5 ,1.3 ,0.1 ,0.0 ,1.4 ,0.0 ,0.0 ,0.0 ,0.0 ,1.4 
"13,438.0 ","112,899.0 ","635,475.7 ","410,793.5 ","1,046,269.2 ","86,683.7 ","14,805.0 ",253.2 ,"101,741.9 ","1,148,011.1 ","1,375.8 ",440.2 ,0.1 ,"1,816.1 ",262.0 ,32.5 ,0.1 ,294.6 ,"2,110.7 ",40.0 ,8.7 ,0.0 ,48.7 ,9.8 ,1.0 ,0.0 ,10.7 ,59.4 
*0.0,*0.0,*15766,*15435.2,*31201.2,*2583.8,*6219.7,*0.0,*8803.5,*40004.7,*35.6,*13.9,*0.0,*49.5,*N/A,*N/A,*N/A,*N/A,*N/A,*1.1,*0.2,*0.0,*1.3,*N/A,*N/A,*N/A,*N/A,*N/A
0.0 ,0.0 ,"21,622.6 ","21,947.6 ","43,570.2 ","6,800.2 ","1,510.7 ",0.0 ,"8,311.0 ","51,881.1 ",49.1 ,27.8 ,0.0 ,77.0 ,N/A,N/A,N/A,N/A,N/A,1.6 ,0.4 ,0.0 ,2.0 ,N/A,N/A,N/A,N/A,N/A
0.0 ,0.0 ,"17,664.7 ","12,641.2 ","30,305.9 ","3,019.8 ",872.6 ,0.0 ,"3,892.4 ","34,198.4 ",38.8 ,11.4 ,0.0 ,50.2 ,11.7 ,0.2 ,0.0 ,11.9 ,62.0 ,1.2 ,0.2 ,0.0 ,1.4 ,0.5 ,0.0 ,0.0 ,0.5 ,1.9 
*245782,*0.0,*19370.1,*15531,*34901,*2399.3,*589.1,*0.0,*2988.4,*37889.5,*41.9,*12.4,*0.0,*54.3,*16.2,*0.6,*0.0,*16.9,*71.2,*1.2,*0.2,*0.0,*1.5,*1,*0,*0.0,*1,*2.4
0.0 ,0.0 ,"40,266.3 ","20,123.4 ","60,389.7 ","5,129.7 ","1,624.3 ",0.0 ,"6,753.9 ","67,143.6 ",87.2 ,18.1 ,0.0 ,105.3 ,21.4 ,2.2 ,0.0 ,23.6 ,128.9 ,2.5 ,0.3 ,0.0 ,2.8 ,1.2 ,0.0 ,0.0 ,1.3 ,4.1 
0.0 ,0.0 ,"8,331.4 ","6,977.6 ","15,309.0 ","1,323.5 ",395.6 ,25.0 ,"1,744.1 ","17,053.1 ",18.3 ,8.8 ,0.0 ,27.1 ,7.8 ,0.2 ,0.2 ,8.1 ,35.2 ,0.5 ,0.1 ,0.0 ,0.7 ,0.2 ,0.0 ,0.0 ,0.2 ,0.9 
0.0 ,0.0 ,"18,681.3 ","11,803.9 ","30,485.1 ","2,269.9 ",839.4 ,0.0 ,"3,109.3 ","33,594.4 ",40.5 ,10.6 ,0.0 ,51.1 ,10.5 ,0.7 ,0.0 ,11.1 ,62.2 ,1.2 ,0.2 ,0.0 ,1.4 ,0.4 ,0.0 ,0.0 ,0.4 ,1.8 
0.0 ,0.0 ,"13,258.9 ","8,116.1 ","21,375.0 ","2,310.5 ",553.2 ,417.0 ,"3,280.7 ","24,655.8 ",28.7 ,10.1 ,0.0 ,38.8 ,N/A,N/A,N/A,N/A,N/A,0.8 ,0.2 ,0.0 ,1.0 ,N/A,N/A,N/A,N/A,N/A
0.0 ,0.0 ,"17,986.8 ","10,522.0 ","28,508.7 ","2,437.1 ",855.0 ,0.0 ,"3,292.1 ","31,800.8 ",38.9 ,9.5 ,0.0 ,48.5 ,13.2 ,0.3 ,0.0 ,13.6 ,62.0 ,1.1 ,0.2 ,0.0 ,1.3 ,0.3 ,0.0 ,0.0 ,0.3 ,1.6 
0.0 ,0.0 ,"10,266.2 ","5,621.5 ","15,887.7 ","1,632.0 ",407.7 ,0.0 ,"2,039.7 ","17,927.4 ",22.2 ,5.1 ,0.0 ,27.3 ,N/A,N/A,N/A,N/A,N/A,0.6 ,0.1 ,0.0 ,0.7 ,N/A,N/A,N/A,N/A,N/A
*0.0,*2341980,*54188.1,*34789.9,*88978,*11305.4,*3944.2,*97.4,*15347,*104325,*117.3,*43.9,*1.3,*162.4,*55.5,*5.3,*1.5,*62.3,*224.7,*3.4,*0.7,*0.3,*4.4,*2.2,*0.2,*0.1,*2.4,*6.8
0.0 ,"897,168.0 ","26,586.4 ","23,440.2 ","50,026.7 ","7,227.4 ","3,064.6 ",0.0 ,"10,292.0 ","60,318.7 ",57.5 ,23.8 ,0.5 ,81.9 ,27.1 ,2.3 ,0.0 ,29.4 ,111.3 ,1.7 ,4.2 ,0.1 ,6.0 ,1.2 ,0.1 ,0.0 ,1.3 ,7.3 
"245,782.0 ","3,239,148.0 ","263,988.7 ","186,949.6 ","450,938.4 ","48,438.7 ","20,876.1 ",539.3 ,"69,854.1 ","520,792.5 ",576.1 ,195.5 ,1.7 ,773.3 ,163.4 ,11.9 ,1.7 ,177.0 ,950.3 ,17.0 ,7.0 ,0.4 ,24.4 ,7.1 ,0.3 ,0.1 ,7.5 ,31.8 
0.0 ,0.0 ,"17,852.3 ","9,486.1 ","27,338.4 ","2,073.7 ",589.3 ,0.0 ,"2,663.1 ","30,001.4 ",38.6 ,8.0 ,0.0 ,46.6 ,N/A,N/A,N/A,N/A,N/A,1.1 ,0.2 ,0.0 ,1.4 ,N/A,N/A,N/A,N/A,N/A
*0.0,*0.0,*18850.4,*10481.9,*29332.3,*2987.7,*2172.6,*0.0,*5160.3,*34492.6,*40.8,*9.4,*0.0,*50.2,*N/A,*N/A,*N/A,*N/A,*N/A,*1.2,*0.2,*0.0,*1.4,*N/A,*N/A,*N/A,*N/A,*N/A
0.0 ,0.0 ,"27,642.0 ","16,828.1 ","44,470.1 ","2,413.1 ","1,044.1 ",0.0 ,"3,457.2 ","47,927.3 ",59.8 ,17.3 ,0.0 ,77.1 ,7.6 ,0.8 ,0.0 ,8.3 ,85.5 ,1.7 ,0.6 ,0.0 ,2.4 ,0.3 ,0.0 ,0.0 ,0.3 ,2.7 
0.0 ,0.0 ,"15,227.7 ","11,410.5 ","26,638.3 ","1,474.0 ","1,079.5 ",0.0 ,"2,553.4 ","29,191.7 ",33.0 ,10.3 ,0.0 ,43.2 ,6.2 ,2.7 ,0.0 ,8.9 ,52.1 ,1.0 ,0.2 ,0.0 ,1.1 ,0.2 ,0.1 ,0.0 ,0.3 ,1.4 
0.0 ,0.0 ,"22,255.6 ","18,644.1 ","40,899.7 ","4,450.2 ","2,113.2 ",0.0 ,"6,563.4 ","47,463.0 ",48.2 ,15.9 ,0.0 ,64.0 ,21.9 ,1.9 ,0.0 ,23.8 ,87.8 ,1.4 ,0.5 ,0.0 ,1.9 ,0.6 ,0.1 ,0.0 ,0.7 ,2.6 
0.0 ,0.0 ,"30,151.7 ","21,126.2 ","51,277.9 ","3,452.1 ","2,811.5 ",0.0 ,"6,263.6 ","57,541.5 ",65.3 ,17.4 ,0.0 ,82.6 ,14.3 ,3.1 ,0.0 ,17.3 ,100.0 ,1.9 ,0.7 ,0.0 ,2.5 ,0.5 ,0.1 ,0.0 ,0.7 ,3.2 
0.0 ,0.0 ,"27,530.2 ","21,233.2 ","48,763.4 ","2,903.7 ","2,182.4 ",0.3 ,"5,086.3 ","53,849.8 ",59.6 ,26.5 ,0.0 ,86.1 ,N/A,N/A,N/A,N/A,N/A,1.7 ,0.4 ,0.0 ,2.2 ,N/A,N/A,N/A,N/A,N/A
0.0 ,0.0 ,"1,679.3 ","1,329.5 ","3,008.8 ",0.0 ,"1,598.4 ",0.0 ,"1,598.4 ","4,607.2 ",3.6 ,1.7 ,0.0 ,5.3 ,0.0 ,7.9 ,0.0 ,7.9 ,13.2 ,0.1 ,0.0 ,0.0 ,0.1 ,0.0 ,0.2 ,0.0 ,0.2 ,0.4 
0.0 ,0.0 ,"1,543.2 ","1,031.0 ","2,574.2 ",63.0 ,735.3 ,0.0 ,798.3 ,"3,372.4 ",3.3 ,0.9 ,0.0 ,4.3 ,0.1 ,5.0 ,0.0 ,5.1 ,9.4 ,0.1 ,0.0 ,0.0 ,0.1 ,0.0 ,0.1 ,0.0 ,0.2 ,0.3 
0.0 ,0.0 ,"2,810.7 ","1,833.8 ","4,644.6 ","1,206.8 ",113.1 ,0.0 ,"1,319.8 ","5,964.4 ",6.1 ,2.3 ,0.0 ,8.4 ,N/A,N/A,N/A,N/A,N/A,0.2 ,0.0 ,0.0 ,0.2 ,N/A,N/A,N/A,N/A,N/A
0.0 ,0.0 ,"1,362.5 ",835.9 ,"2,198.4 ",932.3 ,190.6 ,0.1 ,"1,123.1 ","3,321.5 ",2.9 ,1.1 ,0.0 ,4.0 ,3.7 ,0.2 ,0.0 ,3.8 ,7.9 ,0.1 ,0.0 ,0.0 ,0.1 ,0.0 ,0.0 ,0.0 ,0.1 ,0.2 
0.0 ,0.0 ,952.3 ,902.7 ,"1,855.0 ","1,064.7 ",87.5 ,0.0 ,"1,152.2 ","3,007.2 ",2.1 ,0.8 ,0.0 ,2.9 ,6.1 ,0.1 ,0.0 ,6.1 ,9.0 ,0.1 ,0.0 ,0.0 ,0.1 ,0.2 ,0.0 ,0.0 ,0.2 ,0.2 
0.0 ,0.0 ,"1,744.1 ","1,589.8 ","3,333.8 ","1,621.8 ",173.9 ,0.0 ,"1,795.7 ","5,129.6 ",3.8 ,2.0 ,0.0 ,5.8 ,N/A,N/A,N/A,N/A,N/A,0.1 ,0.0 ,0.0 ,0.1 ,N/A,N/A,N/A,N/A,N/A
0.0 ,0.0 ,"37,622.3 ","28,756.0 ","66,378.3 ","7,792.2 ","5,081.2 ",0.4 ,"12,873.8 ","79,252.0 ",81.5 ,35.3 ,0.0 ,116.8 ,9.8 ,13.1 ,0.0 ,23.0 ,139.7 ,2.4 ,0.6 ,0.0 ,2.9 ,0.2 ,0.4 ,0.0 ,0.6 ,3.5 
*0.0,*0.0,*16862.7,*7912.2,*24775,*1226.8,*502.7,*0.0,*1729.6,*26504.5,*36.5,*6.5,*0.0,*43,*N/A,*N/A,*N/A,*N/A,*N/A,*1.1,*0.2,*0.0,*1.3,*N/A,*N/A,*N/A,*N/A,*N/A
*0.0,*0.0,*16859.7,*10601.2,*27460.9,*1279.1,*742.1,*0.0,*2021.2,*29482,*36.5,*11.7,*0.0,*48.2,*5.1,*2.2,*0.0,*7.3,*55.6,*1.1,*0.3,*0.0,*1.3,*0.1,*0.1,*0.0,*0.2,*1.5
0.0 ,0.0 ,"98,226.4 ","46,529.1 ","144,755.5 ","5,466.0 ","7,670.1 ",0.0 ,"13,136.2 ","157,891.7 ",212.6 ,53.5 ,0.0 ,266.1 ,9.4 ,11.3 ,0.0 ,20.7 ,286.8 ,6.2 ,1.3 ,0.0 ,7.4 ,0.9 ,0.7 ,0.0 ,1.6 ,9.0 
0.0 ,0.0 ,"1,423.4 ","1,275.9 ","2,699.3 ",713.6 ,94.3 ,0.0 ,807.8 ,"3,507.2 ",3.1 ,1.2 ,0.0 ,4.3 ,N/A,N/A,N/A,N/A,N/A,0.1 ,0.0 ,0.0 ,0.1 ,N/A,N/A,N/A,N/A,N/A
0.0 ,0.0 ,822.6 ,"1,044.6 ","1,867.2 ",929.4 ,38.9 ,0.0 ,968.3 ,"2,835.6 ",1.8 ,0.9 ,0.0 ,2.7 ,3.7 ,0.0 ,0.0 ,3.7 ,6.5 ,0.1 ,0.0 ,0.0 ,0.1 ,0.3 ,0.0 ,0.0 ,0.3 ,0.3 
0.0 ,0.0 ,"1,097.8 ",842.9 ,"1,940.6 ",979.7 ,61.6 ,0.0 ,"1,041.4 ","2,982.0 ",2.4 ,1.1 ,0.0 ,3.4 ,5.7 ,0.1 ,0.0 ,5.8 ,9.2 ,0.1 ,0.0 ,0.0 ,0.1 ,0.2 ,0.0 ,0.0 ,0.2 ,0.3 
*0.0,*0.0,*1643.1,*1056.9,*2699.9,*605.5,*45.2,*0.0,*650.7,*3350.7,*3.6,*1.3,*0.0,*4.9,*2.6,*0,*0.0,*2.6,*7.5,*0.1,*0,*0.0,*0.1,*0.1,*0,*0.0,*0.1,*0.2
0.0 ,0.0 ,"1,546.0 ","1,488.4 ","3,034.3 ","1,441.0 ",88.0 ,0.0 ,"1,529.0 ","4,563.3 ",3.3 ,1.9 ,0.0 ,5.2 ,N/A,N/A,N/A,N/A,N/A,0.1 ,0.0 ,0.0 ,0.1 ,N/A,N/A,N/A,N/A,N/A
0.0 ,0.0 ,"1,822.4 ","1,232.5 ","3,054.9 ",787.0 ,81.0 ,0.0 ,868.0 ,"3,922.9 ",3.9 ,1.1 ,0.0 ,5.1 ,N/A,N/A,N/A,N/A,N/A,0.1 ,0.0 ,0.0 ,0.1 ,N/A,N/A,N/A,N/A,N/A
0.0 ,0.0 ,"5,529.8 ","2,272.3 ","7,802.1 ","1,474.5 ",114.8 ,0.0 ,"1,589.3 ","9,391.4 ",12.0 ,2.0 ,0.0 ,14.0 ,7.6 ,0.3 ,0.0 ,7.9 ,21.9 ,0.3 ,0.0 ,0.0 ,0.4 ,0.2 ,0.0 ,0.0 ,0.3 ,0.6 
0.0 ,0.0 ,314.5 ,656.4 ,970.9 ,451.8 ,100.4 ,0.0 ,552.2 ,"1,523.1 ",0.7 ,0.7 ,0.0 ,1.4 ,2.7 ,0.2 ,0.0 ,3.0 ,4.4 ,0.0 ,0.0 ,0.0 ,0.0 ,0.1 ,0.0 ,0.0 ,0.1 ,0.1 
0.0 ,0.0 ,"1,784.6 ",627.5 ,"2,412.2 ",0.0 ,"1,132.2 ",0.0 ,"1,132.2 ","3,544.4 ",3.9 ,0.8 ,0.0 ,4.7 ,N/A,N/A,N/A,N/A,N/A,0.1 ,0.0 ,0.0 ,0.1 ,N/A,N/A,N/A,N/A,N/A
*0.0,*0.0,*1258.3,*1244.2,*2502.5,*1004,*61.4,*0.0,*1065.4,*3567.9,*2.7,*1.1,*0.0,*3.8,*5.5,*0.1,*0.0,*5.5,*9.3,*0.1,*0,*0.0,*0.1,*0.2,*0,*0.0,*0.2,*0.3
0.0 ,0.0 ,"1,936.5 ","1,058.9 ","2,995.4 ","1,427.7 ",232.2 ,0.0 ,"1,659.9 ","4,655.3 ",4.2 ,1.1 ,0.0 ,5.3 ,7.6 ,0.3 ,0.0 ,7.9 ,13.2 ,0.1 ,0.0 ,0.0 ,0.1 ,0.3 ,0.0 ,0.0 ,0.3 ,0.4 
0.0 ,0.0 ,"1,455.1 ",43.0 ,"1,498.2 ","1,122.3 ",124.9 ,0.0 ,"1,247.1 ","2,745.3 ",3.1 ,0.1 ,0.0 ,3.2 ,5.9 ,0.1 ,0.0 ,5.9 ,9.1 ,0.1 ,0.0 ,0.0 ,0.1 ,0.2 ,0.0 ,0.0 ,0.2 ,0.3 
0.0 ,0.0 ,"118,860.5 ","59,372.7 ","178,233.2 ","16,402.4 ","9,845.0 ",0.0 ,"26,247.4 ","204,480.7 ",257.3 ,66.8 ,0.0 ,324.1 ,50.6 ,12.4 ,0.0 ,63.0 ,387.1 ,7.5 ,1.5 ,0.0 ,9.0 ,2.5 ,0.7 ,0.0 ,3.2 ,12.1 
0.0 ,0.0 ,"47,491.4 ","27,787.4 ","75,278.8 ","6,610.7 ","1,059.5 ",0.0 ,"7,670.2 ","82,949.0 ",102.8 ,34.5 ,0.0 ,137.3 ,26.2 ,1.3 ,0.0 ,27.5 ,164.8 ,3.0 ,0.6 ,0.0 ,3.6 ,0.7 ,0.0 ,0.0 ,0.8 ,4.3 
0.0 ,0.0 ,"72,886.7 ","37,105.1 ","109,991.8 ","6,398.5 ","2,978.2 ",0.0 ,"9,376.6 ","119,368.4 ",157.8 ,46.1 ,0.0 ,203.9 ,36.2 ,6.5 ,0.0 ,42.7 ,246.6 ,4.6 ,0.8 ,0.0 ,5.4 ,1.0 ,0.4 ,0.0 ,1.4 ,6.8 
*0.0,*0.0,*21325.3,*26290.5,*47615.8,*1678.8,*736.7,*0.0,*2415.4,*50031.2,*46.2,*32.5,*0.0,*78.7,*7.4,*0.0,*0.0,*7.4,*86.1,*1.3,*0.6,*0.0,*1.9,*0.2,*0.0,*0.0,*0.2,*2.1
0.0 ,0.0 ,"21,149.8 ","12,873.8 ","34,023.7 ","2,134.0 ",681.5 ,0.0 ,"2,815.5 ","36,839.2 ",45.8 ,12.2 ,0.0 ,58.0 ,N/A,N/A,N/A,N/A,N/A,1.3 ,0.2 ,0.0 ,1.6 ,N/A,N/A,N/A,N/A,N/A
*0.0,*0.0,*22848.1,*13089.9,*35938,*0.0,*12686.5,*0.0,*12686.5,*48624.5,*49.5,*15.4,*0.0,*64.9,*N/A,*N/A,*N/A,*N/A,*N/A,*1.4,*0.3,*0.0,*1.8,*N/A,*N/A,*N/A,*N/A,*N/A
"19,746.0 ","593,610.0 ","23,679.0 ","17,821.9 ","41,501.0 ","2,313.6 ",687.1 ,0.0 ,"3,000.8 ","44,501.7 ",51.3 ,15.4 ,0.3 ,66.9 ,10.4 ,0.7 ,0.0 ,11.1 ,78.1 ,1.5 ,0.3 ,0.1 ,1.9 ,0.2 ,0.0 ,0.0 ,0.3 ,2.2 
0.0 ,0.0 ,"15,231.5 ","9,848.1 ","25,079.6 ","1,729.9 ",553.3 ,0.0 ,"2,283.2 ","27,362.8 ",33.0 ,8.5 ,0.0 ,41.5 ,8.8 ,0.5 ,0.0 ,9.3 ,50.8 ,1.0 ,0.2 ,0.0 ,1.2 ,0.3 ,0.0 ,0.0 ,0.3 ,1.5 
0.0 ,0.0 ,"22,100.2 ","15,747.1 ","37,847.3 ","2,780.4 ",665.2 ,0.0 ,"3,445.6 ","41,292.9 ",47.9 ,13.6 ,0.0 ,61.4 ,N/A,N/A,N/A,N/A,N/A,1.4 ,0.4 ,0.0 ,1.7 ,N/A,N/A,N/A,N/A,N/A
0.0 ,0.0 ,"23,284.4 ","12,503.7 ","35,788.1 ","1,672.8 ",713.4 ,0.0 ,"2,386.2 ","38,174.3 ",50.4 ,15.2 ,0.0 ,65.6 ,N/A,N/A,N/A,N/A,N/A,1.5 ,0.3 ,0.0 ,1.7 ,N/A,N/A,N/A,N/A,N/A
0.0 ,0.0 ,"16,685.4 ","8,208.0 ","24,893.4 ",0.0 ,"1,161.5 ",0.0 ,"1,161.5 ","26,054.9 ",36.1 ,11.5 ,0.0 ,47.7 ,N/A,N/A,N/A,N/A,N/A,1.0 ,0.1 ,0.0 ,1.2 ,N/A,N/A,N/A,N/A,N/A
*0.0,*0.0,*19208.5,*11317.1,*30525.5,*1797.7,*727.2,*0.0,*2524.9,*33050.4,*41.6,*12.4,*0.0,*54,*10.1,*1.2,*0.0,*11.3,*65.3,*1.2,*0.3,*0.0,*1.5,*0.4,*0,*0.0,*0.5,*1.9
0.0 ,0.0 ,"22,522.9 ","12,260.9 ","34,783.8 ","5,205.9 ","1,004.5 ",0.0 ,"6,210.4 ","40,994.2 ",48.8 ,11.0 ,0.0 ,59.8 ,31.1 ,1.3 ,0.0 ,32.3 ,92.1 ,1.4 ,0.2 ,0.0 ,1.6 ,1.1 ,0.0 ,0.0 ,1.2 ,2.8 
0.0 ,0.0 ,"26,548.0 ","18,931.2 ","45,479.2 ","1,413.0 ","1,028.3 ",0.0 ,"2,441.3 ","47,920.5 ",57.5 ,16.7 ,0.0 ,74.2 ,6.5 ,0.8 ,0.0 ,7.4 ,81.6 ,1.7 ,0.6 ,0.0 ,2.2 ,0.2 ,0.0 ,0.0 ,0.3 ,2.5 
"19,746.0 ","593,610.0 ","677,146.2 ","418,403.7 ","1,095,549.9 ","77,286.7 ","50,663.9 ",0.4 ,"127,951.1 ","1,223,501.0 ","1,465.9 ",443.5 ,0.3 ,"1,909.7 ",252.2 ,48.5 ,0.0 ,300.7 ,"2,210.4 ",42.6 ,9.7 ,0.1 ,52.3 ,8.7 ,2.1 ,0.0 ,10.8 ,63.1 
0.0 ,0.0 ,"10,436.5 ","7,051.3 ","17,487.7 ",606.6 ,705.9 ,0.0 ,"1,312.5 ","18,800.2 ",22.7 ,6.0 ,0.0 ,28.7 ,2.2 ,1.0 ,0.0 ,3.1 ,31.8 ,0.7 ,0.2 ,0.0 ,0.8 ,0.0 ,0.0 ,0.0 ,0.1 ,0.9 
0.0 ,0.0 ,"23,370.9 ","4,900.9 ","28,271.9 ","3,570.6 ","1,352.6 ",0.0 ,"4,923.2 ","33,195.0 ",50.6 ,5.9 ,0.0 ,56.5 ,13.7 ,1.9 ,0.0 ,15.5 ,72.1 ,1.5 ,0.1 ,0.0 ,1.6 ,0.7 ,0.1 ,0.0 ,0.8 ,2.4 
*0.0,*0.0,*25310.4,*19382.5,*44692.9,*1699.2,*2026.4,*0.0,*3725.6,*48418.5,*54.8,*16.6,*0.0,*71.4,*5.7,*1.8,*0.0,*7.5,*78.9,*1.6,*0.5,*0.0,*2.1,*0.2,*0.1,*0.0,*0.3,*2.3
0.0 ,0.0 ,"3,249.8 ","1,730.2 ","4,980.0 ","1,895.5 ",126.2 ,0.0 ,"2,021.6 ","7,001.6 ",7.0 ,1.6 ,0.0 ,8.6 ,10.3 ,0.3 ,0.0 ,10.6 ,19.2 ,0.2 ,0.0 ,0.0 ,0.2 ,0.4 ,0.0 ,0.0 ,0.4 ,0.7 
0.0 ,0.0 ,"1,598.2 ","1,420.9 ","3,019.0 ",395.0 ,75.2 ,0.0 ,470.3 ,"3,489.3 ",3.5 ,1.3 ,0.0 ,4.7 ,2.8 ,0.1 ,0.0 ,2.9 ,7.6 ,0.1 ,0.0 ,0.0 ,0.1 ,0.1 ,0.0 ,0.0 ,0.1 ,0.2 
0.0 ,0.0 ,549.0 ,252.1 ,801.1 ,838.7 ,77.1 ,0.0 ,915.8 ,"1,716.9 ",1.2 ,0.2 ,0.0 ,1.4 ,4.3 ,0.2 ,0.0 ,4.4 ,5.8 ,0.0 ,0.0 ,0.0 ,0.0 ,0.1 ,0.0 ,0.0 ,0.1 ,0.1 
*0.0,*0.0,*3058.7,*1918.8,*4977.5,*2194,*135.8,*0.0,*2329.8,*7307.3,*6.6,*1.7,*0.0,*8.3,*13.6,*0.1,*0.0,*13.7,*22.1,*0.2,*0,*0.0,*0.2,*0.4,*0,*0.0,*0.4,*0.6
0.0 ,0.0 ,"33,766.1 ","24,704.5 ","58,470.6 ","7,022.4 ","2,440.7 ",0.0 ,"9,463.1 ","67,933.6 ",73.1 ,21.4 ,0.0 ,94.5 ,36.7 ,2.6 ,0.0 ,39.2 ,133.7 ,2.1 ,0.5 ,0.0 ,2.7 ,1.1 ,0.1 ,0.0 ,1.2 ,3.9 
0.0 ,0.0 ,"27,009.0 ","13,526.9 ","40,536.0 ","4,123.5 ","2,577.8 ",0.0 ,"6,701.3 ","47,237.2 ",58.5 ,15.8 ,0.0 ,74.2 ,N/A,N/A,N/A,N/A,N/A,1.7 ,0.4 ,0.0 ,2.1 ,N/A,N/A,N/A,N/A,N/A
*0.0,*0.0,*809.5,*1388.6,*2198.1,*0.0,*71.1,*0.0,*71.1,*2269.2,*1.8,*1.7,*0.0,*3.5,*N/A,*N/A,*N/A,*N/A,*N/A,*0.1,*0,*0.0,*0.1,*N/A,*N/A,*N/A,*N/A,*N/A
0.0 ,0.0 ,"1,929.1 ","1,176.4 ","3,105.5 ",278.1 ,52.1 ,0.0 ,330.2 ,"3,435.7 ",4.2 ,1.1 ,0.0 ,5.2 ,1.1 ,0.1 ,0.0 ,1.2 ,6.4 ,0.1 ,0.0 ,0.0 ,0.1 ,0.0 ,0.0 ,0.0 ,0.0 ,0.2 
0.0 ,0.0 ,"2,374.4 ","1,179.8 ","3,554.2 ",734.1 ,96.1 ,20.3 ,850.5 ,"4,404.7 ",5.2 ,1.1 ,0.0 ,6.2 ,3.3 ,0.1 ,0.0 ,3.4 ,9.7 ,0.2 ,0.0 ,0.0 ,0.2 ,0.1 ,0.0 ,0.0 ,0.1 ,0.3 
0.0 ,0.0 ,"1,034.0 ",579.6 ,"1,613.7 ",897.9 ,263.4 ,2.0 ,"1,163.3 ","2,777.0 ",2.2 ,0.5 ,0.0 ,2.8 ,3.9 ,1.1 ,0.0 ,5.0 ,7.8 ,0.1 ,0.0 ,0.0 ,0.1 ,0.0 ,0.1 ,0.0 ,0.1 ,0.2 
*0.0,*0.0,*1972.3,*2053.7,*4025.9,*1221.2,*240.5,*0.0,*1461.7,*5487.7,*4.3,*1.9,*0.0,*6.1,*5,*0.3,*0.0,*5.3,*11.4,*0.1,*0,*0.0,*0.2,*0.1,*0,*0.0,*0.2,*0.3
0.0 ,0.0 ,"35,128.4 ","19,905.0 ","55,033.4 ","7,254.8 ","3,301.0 ",22.3 ,"10,578.1 ","65,611.5 ",76.1 ,22.0 ,0.0 ,98.0 ,13.3 ,1.7 ,0.0 ,14.9 ,113.0 ,2.2 ,0.5 ,0.0 ,2.7 ,0.3 ,0.1 ,0.0 ,0.4 ,3.1 
*0.0,*0.0,*73714.1,*46373.1,*120087.2,*0.0,*13865.7,*0.0,*13865.7,*133952.9,*159.6,*40.1,*0.0,*199.7,*0.0,*15.2,*0.0,*15.2,*214.9,*4.6,*1,*0.0,*5.7,*0.0,*0.6,*0.0,*0.6,*6.3
*0.0,*0.0,*2053.1,*2047.3,*4100.4,*572.5,*394.5,*0.0,*967,*5067.4,*4.4,*1.8,*0.0,*6.3,*N/A,*N/A,*N/A,*N/A,*N/A,*0.1,*0,*0.0,*0.2,*N/A,*N/A,*N/A,*N/A,*N/A
*0.0,*0.0,*1082.9,*1227.4,*2310.2,*0.0,*803.5,*0.0,*803.5,*3113.7,*2.3,*1.1,*0.0,*3.4,*0.0,*3,*0.0,*3,*6.4,*0.1,*0,*0.0,*0.1,*0.0,*0.1,*0.0,*0.1,*0.2
*0.0,*0.0,*1579.9,*1075,*2654.9,*0.0,*1058.1,*0.0,*1058.1,*3713,*3.4,*2.6,*0.0,*6,*N/A,*N/A,*N/A,*N/A,*N/A,*0.1,*0.3,*0.0,*0.4,*N/A,*N/A,*N/A,*N/A,*N/A
*0.0,*0.0,*1766.4,*350.5,*2116.9,*842.9,*83.5,*0.0,*926.4,*3043.3,*3.8,*0.3,*0.0,*4.1,*4.8,*0.1,*0.0,*4.9,*9.1,*0.1,*0,*0.0,*0.1,*0.2,*0,*0.0,*0.2,*0.3
*0.0,*0.0,*940.3,*663.9,*1604.2,*0.0,*757.3,*0.0,*757.3,*2361.5,*2,*0.6,*0.0,*2.6,*N/A,*N/A,*N/A,*N/A,*N/A,*0.1,*0,*0.0,*0.1,*N/A,*N/A,*N/A,*N/A,*N/A
*0.0,*0.0,*1195.1,*763,*1958.1,*463.1,*45,*0.0,*508.1,*2466.3,*2.6,*0.7,*0.0,*3.3,*2,*0.1,*0.0,*2,*5.3,*0.1,*0,*0.0,*0.1,*0,*0,*0.0,*0,*0.1
*0.0,*0.0,*1905.3,*1278.5,*3183.8,*410,*75.5,*0.0,*485.6,*3669.4,*4.1,*1.2,*0.0,*5.3,*1.4,*0.1,*0.0,*1.6,*6.8,*0.1,*0,*0.0,*0.1,*0,*0,*0.0,*0.1,*0.2
*0.0,*0.0,*3686.1,*2899.6,*6585.7,*1514.3,*269.2,*0.0,*1783.4,*8369.2,*8,*2.6,*0.0,*10.6,*6.1,*0.4,*0.0,*6.5,*17.1,*0.2,*0,*0.0,*0.3,*0.2,*0,*0.0,*0.2,*0.5
*780,*0.0,*2355.7,*1735.9,*4091.6,*1344.4,*107.6,*0.0,*1452,*5543.7,*5.1,*1.3,*0.0,*6.4,*8.2,*0.1,*0.0,*8.3,*14.8,*0.1,*0,*0.0,*0.2,*0.2,*0,*0.0,*0.2,*0.4
*0.0,*0.0,*2046.4,*987.8,*3034.2,*1188.4,*153.4,*0.0,*1341.8,*4376.1,*4.4,*0.9,*0.0,*5.3,*N/A,*N/A,*N/A,*N/A,*N/A,*0.1,*0,*0.0,*0.1,*N/A,*N/A,*N/A,*N/A,*N/A
*0.0,*0.0,*2566.1,*933,*3499.1,*1312,*151.6,*0.0,*1463.7,*4962.8,*5.6,*0.8,*0.0,*6.4,*6.4,*0.2,*0.0,*6.6,*13,*0.2,*0,*0.0,*0.2,*0.2,*0,*0.0,*0.2,*0.4
780.0 ,0.0 ,"94,891.4 ","60,335.0 ","155,226.4 ","7,647.8 ","17,765.0 ",0.0 ,"25,412.8 ","180,639.2 ",205.4 ,54.1 ,0.0 ,259.5 ,28.9 ,19.2 ,0.0 ,48.1 ,307.6 ,6.0 ,1.5 ,0.0 ,7.5 ,0.8 ,0.7 ,0.0 ,1.6 ,9.1 
*2400,*0.0,*12426,*6422.9,*18848.9,*3136.9,*845.7,*0.0,*3982.6,*22831.5,*26.9,*5.6,*0.0,*32.5,*3.5,*1.5,*0.0,*5,*37.5,*0.8,*0.1,*0.0,*0.9,*0.3,*0.1,*0.0,*0.4,*1.3
0.0 ,0.0 ,"73,098.6 ","38,958.7 ","112,057.3 ","1,937.7 ","5,880.0 ",0.0 ,"7,817.7 ","119,875.0 ",158.2 ,32.3 ,0.0 ,190.6 ,N/A,N/A,N/A,N/A,N/A,4.6 ,1.1 ,0.0 ,5.7 ,N/A,N/A,N/A,N/A,N/A
0.0 ,0.0 ,"1,423.9 ","1,378.4 ","2,802.3 ",10.5 ,468.2 ,0.0 ,478.8 ,"3,281.0 ",3.1 ,1.7 ,0.0 ,4.8 ,N/A,N/A,N/A,N/A,N/A,0.1 ,0.0 ,0.0 ,0.1 ,N/A,N/A,N/A,N/A,N/A
0.0 ,0.0 ,"2,639.4 ","2,685.2 ","5,324.6 ",66.0 ,"2,580.5 ",0.0 ,"2,646.5 ","7,971.0 ",5.7 ,2.4 ,0.0 ,8.1 ,0.1 ,10.6 ,0.0 ,10.8 ,18.9 ,0.2 ,0.0 ,0.0 ,0.2 ,0.0 ,0.4 ,0.0 ,0.4 ,0.6 
0.0 ,0.0 ,"1,861.7 ","1,589.7 ","3,451.4 ",710.6 ,48.3 ,0.0 ,758.8 ,"4,210.2 ",4.0 ,2.0 ,0.0 ,6.0 ,N/A,N/A,N/A,N/A,N/A,0.1 ,0.0 ,0.0 ,0.1 ,N/A,N/A,N/A,N/A,N/A
"3,929.0 ",0.0 ,"2,016.3 ","1,182.8 ","3,199.1 ",649.8 ,227.8 ,0.0 ,877.5 ,"4,076.7 ",4.4 ,1.4 ,0.0 ,5.7 ,2.5 ,0.3 ,0.0 ,2.8 ,8.5 ,0.1 ,0.0 ,0.0 ,0.1 ,0.1 ,0.0 ,0.0 ,0.1 ,0.3 
0.0 ,0.0 ,"1,825.1 ","1,506.2 ","3,331.3 ","3,514.9 ",42.8 ,0.0 ,"3,557.8 ","6,889.0 ",4.0 ,1.9 ,0.0 ,5.9 ,15.5 ,0.1 ,0.0 ,15.5 ,21.4 ,0.1 ,0.0 ,0.0 ,0.1 ,0.7 ,0.0 ,0.0 ,0.7 ,0.9 
0.0 ,0.0 ,"2,216.6 ","1,584.7 ","3,801.3 ","1,597.7 ",67.0 ,0.0 ,"1,664.8 ","5,466.1 ",4.9 ,1.4 ,0.0 ,6.3 ,N/A,N/A,N/A,N/A,N/A,0.1 ,0.0 ,0.0 ,0.2 ,N/A,N/A,N/A,N/A,N/A
0.0 ,0.0 ,604.1 ,168.6 ,772.7 ,"1,340.0 ",60.6 ,0.0 ,"1,400.6 ","2,173.3 ",1.3 ,0.2 ,0.0 ,1.5 ,6.2 ,0.1 ,0.0 ,6.3 ,7.7 ,0.0 ,0.0 ,0.0 ,0.0 ,0.2 ,0.0 ,0.0 ,0.2 ,0.2 
0.0 ,0.0 ,757.7 ,341.4 ,"1,099.1 ",430.9 ,144.6 ,0.0 ,575.5 ,"1,674.7 ",1.6 ,0.3 ,0.0 ,1.9 ,N/A,N/A,N/A,N/A,N/A,0.0 ,0.0 ,0.0 ,0.1 ,N/A,N/A,N/A,N/A,N/A
0.0 ,0.0 ,892.0 ,"1,233.1 ","2,125.1 ",990.6 ,110.2 ,0.0 ,"1,100.8 ","3,225.9 ",1.9 ,1.1 ,0.0 ,3.0 ,3.7 ,0.1 ,0.0 ,3.8 ,6.9 ,0.1 ,0.0 ,0.0 ,0.1 ,0.1 ,0.0 ,0.0 ,0.1 ,0.1 
0.0 ,0.0 ,"2,479.4 ",872.1 ,"3,351.4 ",705.3 ,36.0 ,0.0 ,741.3 ,"4,092.7 ",5.4 ,0.9 ,0.0 ,6.2 ,N/A,N/A,N/A,N/A,N/A,0.2 ,0.0 ,0.0 ,0.2 ,N/A,N/A,N/A,N/A,N/A
0.0 ,0.0 ,"2,503.1 ","1,661.5 ","4,164.6 ",0.0 ,112.1 ,0.0 ,112.1 ,"4,276.7 ",5.4 ,2.1 ,0.0 ,7.5 ,N/A,N/A,N/A,N/A,N/A,0.2 ,0.0 ,0.0 ,0.2 ,N/A,N/A,N/A,N/A,N/A
0.0 ,0.0 ,"2,104.5 ","2,146.6 ","4,251.0 ",672.9 ,0.0 ,0.0 ,672.9 ,"4,924.0 ",4.6 ,2.7 ,0.0 ,7.3 ,3.3 ,0.0 ,0.0 ,3.3 ,10.6 ,0.1 ,0.0 ,0.0 ,0.2 ,0.1 ,0.0 ,0.0 ,0.1 ,0.3 
"3,929.0 ",0.0 ,"94,422.5 ","55,308.9 ","149,731.3 ","12,626.8 ","9,778.2 ",0.0 ,"22,405.0 ","172,136.4 ",204.4 ,50.5 ,0.0 ,254.9 ,31.3 ,11.2 ,0.0 ,42.5 ,297.4 ,5.9 ,1.4 ,0.0 ,7.4 ,1.2 ,0.4 ,0.0 ,1.6 ,9.0 
*0.0,*0.0,*21255.7,*11321,*32576.8,*2420.8,*744.5,*0.0,*3165.3,*35742.1,*46,*13,*0.0,*59,*7.3,*0.9,*0.0,*8.2,*67.1,*1.3,*0.3,*0.0,*1.7,*0.2,*0,*0.0,*0.3,*1.9
0.0 ,0.0 ,"27,426.5 ","11,004.5 ","38,431.1 ","3,261.3 ",720.3 ,0.0 ,"3,981.6 ","42,412.6 ",59.3 ,10.1 ,0.0 ,69.3 ,26.3 ,0.2 ,0.0 ,26.5 ,95.9 ,1.7 ,0.2 ,0.0 ,1.9 ,0.8 ,0.0 ,0.0 ,0.8 ,2.7 
0.0 ,0.0 ,"36,995.2 ","23,992.7 ","60,987.9 ","3,755.5 ","1,287.1 ",0.0 ,"5,042.6 ","66,030.5 ",80.1 ,29.6 ,0.0 ,109.7 ,4.3 ,5.6 ,0.0 ,9.9 ,119.5 ,2.3 ,0.5 ,0.0 ,2.8 ,0.1 ,0.2 ,0.0 ,0.3 ,3.1 
0.0 ,0.0 ,"2,079.4 ","1,468.6 ","3,548.0 ","1,321.1 ",133.4 ,0.0 ,"1,454.5 ","5,002.5 ",4.5 ,1.3 ,0.0 ,5.8 ,7.3 ,0.2 ,0.0 ,7.5 ,13.3 ,0.1 ,0.0 ,0.0 ,0.2 ,0.2 ,0.0 ,0.0 ,0.2 ,0.4 
0.0 ,0.0 ,"4,306.6 ","2,008.5 ","6,315.1 ","2,147.6 ",93.5 ,0.0 ,"2,241.1 ","8,556.2 ",9.3 ,2.5 ,0.0 ,11.9 ,9.0 ,0.0 ,0.0 ,9.1 ,20.9 ,0.3 ,0.0 ,0.0 ,0.3 ,0.2 ,0.0 ,0.0 ,0.2 ,0.5 
0.0 ,0.0 ,"1,787.8 ","1,469.2 ","3,257.0 ","1,733.1 ",102.2 ,0.0 ,"1,835.3 ","5,092.3 ",3.9 ,1.9 ,0.0 ,5.7 ,2.1 ,0.1 ,0.0 ,2.3 ,8.0 ,0.1 ,0.0 ,0.0 ,0.1 ,0.1 ,0.0 ,0.0 ,0.1 ,0.2 
0.0 ,0.0 ,"1,967.0 ","1,857.3 ","3,824.2 ","1,479.1 ",120.3 ,0.0 ,"1,599.4 ","5,423.6 ",4.3 ,2.2 ,0.0 ,6.5 ,7.7 ,0.1 ,0.0 ,7.8 ,14.3 ,0.1 ,0.0 ,0.0 ,0.2 ,0.2 ,0.0 ,0.0 ,0.2 ,0.4 
"8,693.0 ",0.0 ,"1,242.1 ","1,151.1 ","2,393.2 ",N/A,79.0 ,0.0 ,N/A,N/A,2.7 ,1.0 ,0.0 ,3.7 ,N/A,0.2 ,0.0 ,N/A,N/A,0.1 ,0.0 ,0.0 ,0.1 ,N/A,0.0 ,0.0 ,N/A,N/A
"8,693.0 ",0.0 ,"48,378.1 ","31,947.3 ","80,325.4 ","11,718.6 ","1,815.6 ",0.0 ,"13,534.1 ","93,859.5 ",104.7 ,38.5 ,0.0 ,143.3 ,37.2 ,6.2 ,0.0 ,43.5 ,186.7 ,3.0 ,0.7 ,0.0 ,3.7 ,1.0 ,0.2 ,0.0 ,1.2 ,4.9 
*0.0,*0.0,*29162.7,*10190.7,*39353.4,*1080.2,*1016.8,*0.0,*2097,*41450.4,*63.1,*12.2,*0.0,*75.4,*N/A,*N/A,*N/A,*N/A,*N/A,*1.8,*0.2,*0.0,*2.1,*N/A,*N/A,*N/A,*N/A,*N/A
0.0 ,0.0 ,"14,652.5 ","8,372.7 ","23,025.2 ","1,661.1 ",361.6 ,0.0 ,"2,022.8 ","25,048.0 ",31.7 ,6.8 ,0.0 ,38.5 ,4.9 ,0.1 ,0.0 ,5.0 ,43.5 ,0.9 ,0.2 ,0.0 ,1.1 ,0.4 ,0.0 ,0.0 ,0.4 ,1.5 
*0.0,*115696,*15718.8,*7234.2,*22953,*6382.4,*1236.7,*23.1,*7642.2,*30595.3,*34,*6.1,*0.1,*40.2,*19.7,*2,*0,*21.7,*61.9,*1,*0.2,*0,*1.2,*1.2,*0.1,*0,*1.4,*2.5
*0.0,*0.0,*17614.9,*8916.5,*26531.4,*3515.1,*555.8,*0.0,*4070.9,*30602.4,*38.1,*7.6,*0.0,*45.7,*N/A,*N/A,*N/A,*N/A,*N/A,*1.1,*0.1,*0.0,*1.3,*N/A,*N/A,*N/A,*N/A,*N/A
*0.0,*0.0,*44547,*29830.2,*74377.2,*702.4,*2764.7,*0.0,*3467.1,*77844.3,*96.4,*26.9,*0.0,*123.3,*N/A,*N/A,*N/A,*N/A,*N/A,*2.8,*0.4,*0.0,*3.2,*N/A,*N/A,*N/A,*N/A,*N/A
0.0 ,0.0 ,"2,042.4 ","1,468.3 ","3,510.7 ",903.2 ,62.9 ,0.0 ,966.1 ,"4,476.9 ",4.4 ,1.3 ,0.0 ,5.8 ,N/A,N/A,N/A,N/A,N/A,0.1 ,0.0 ,0.0 ,0.2 ,N/A,N/A,N/A,N/A,N/A
0.0 ,0.0 ,"2,254.0 ","1,005.6 ","3,259.6 ",670.2 ,27.9 ,0.0 ,698.1 ,"3,957.7 ",4.9 ,0.9 ,0.0 ,5.8 ,3.5 ,0.0 ,0.0 ,3.5 ,9.3 ,0.1 ,0.0 ,0.0 ,0.2 ,0.1 ,0.0 ,0.0 ,0.1 ,0.2 
0.0 ,0.0 ,"7,435.6 ","3,676.0 ","11,111.6 ","1,551.2 ",111.1 ,0.0 ,"1,662.3 ","12,773.9 ",16.1 ,3.3 ,0.0 ,19.4 ,N/A,N/A,N/A,N/A,N/A,0.5 ,0.1 ,0.0 ,0.5 ,N/A,N/A,N/A,N/A,N/A
0.0 ,0.0 ,"2,172.5 ","1,289.9 ","3,462.4 ",789.1 ,57.0 ,0.0 ,846.1 ,"4,308.5 ",4.7 ,1.2 ,0.0 ,5.9 ,2.7 ,0.0 ,0.0 ,2.7 ,8.6 ,0.1 ,0.0 ,0.0 ,0.2 ,0.1 ,0.0 ,0.0 ,0.1 ,0.2 
*0.0,*0.0,*2770.9,*1484.9,*4255.7,*1314,*63.6,*0.0,*1377.6,*5633.3,*6,*1.9,*0.0,*7.9,*6.8,*0,*0.0,*6.8,*14.7,*0.2,*0,*0.0,*0.2,*0.2,*0,*0.0,*0.2,*0.4
0.0 ,0.0 ,994.4 ,375.8 ,"1,370.2 ",561.7 ,69.0 ,0.0 ,630.7 ,"2,000.9 ",2.2 ,0.3 ,0.0 ,2.5 ,3.1 ,0.9 ,0.0 ,4.0 ,6.5 ,0.1 ,0.0 ,0.0 ,0.1 ,0.1 ,0.0 ,0.0 ,0.1 ,0.2 
0.0 ,0.0 ,"1,937.4 ","1,015.3 ","2,952.7 ",184.2 ,75.8 ,0.0 ,260.0 ,"3,212.7 ",4.2 ,0.9 ,0.0 ,5.1 ,0.6 ,0.1 ,0.0 ,0.7 ,5.8 ,0.1 ,0.0 ,0.0 ,0.1 ,0.0 ,0.0 ,0.0 ,0.0 ,0.2 
0.0 ,0.0 ,"1,249.9 ",376.9 ,"1,626.8 ",894.9 ,54.6 ,0.0 ,949.6 ,"2,576.3 ",2.7 ,0.3 ,0.0 ,3.1 ,N/A,N/A,N/A,N/A,N/A,0.1 ,0.0 ,0.0 ,0.1 ,N/A,N/A,N/A,N/A,N/A
*0.0,*0.0,*1028.2,*920,*1948.1,*980.6,*83.5,*0.0,*1064.1,*3012.2,*2.2,*0.8,*0.0,*3.1,*7.6,*0.1,*0.0,*7.7,*10.7,*0.1,*0,*0.0,*0.1,*0.2,*0,*0.0,*0.2,*0.3
*0.0,*0.0,*2156.9,*1477.8,*3634.6,*1638.8,*123.5,*0.0,*1762.3,*5397,*4.7,*1.3,*0.0,*6,*2,*0.1,*0.0,*2.1,*8.1,*0.1,*0,*0.0,*0.2,*0.2,*0,*0.0,*0.2,*0.3
"224,388.0 ",0.0 ,"5,296.4 ","11,053.1 ","16,349.5 ",0.0 ,307.6 ,0.0 ,307.6 ,"16,657.1 ",11.8 ,14.0 ,0.0 ,25.8 ,0.0 ,0.3 ,0.0 ,0.3 ,26.0 ,0.4 ,0.2 ,0.0 ,0.6 ,0.0 ,0.0 ,0.0 ,0.0 ,0.6 
"224,388.0 ",0.0 ,"73,885.6 ","53,973.7 ","127,859.2 ","10,190.3 ","3,801.2 ",0.0 ,"13,991.5 ","141,850.7 ",160.3 ,53.2 ,0.0 ,213.5 ,26.2 ,1.6 ,0.0 ,27.7 ,241.2 ,4.7 ,0.8 ,0.0 ,5.5 ,0.8 ,0.1 ,0.0 ,0.9 ,6.4 
*0.0,*0.0,*9355.2,*7348.8,*16704,*2323.7,*838.2,*0.0,*3162,*19865.9,*20.3,*7.7,*0.0,*28,*N/A,*N/A,*N/A,*N/A,*N/A,*0.6,*0.3,*0.0,*0.8,*N/A,*N/A,*N/A,*N/A,*N/A
0.0 ,0.0 ,"40,862.0 ","22,614.5 ","63,476.4 ","8,028.4 ",645.8 ,0.0 ,"8,674.2 ","72,150.7 ",88.4 ,28.7 ,0.0 ,117.1 ,20.1 ,1.6 ,0.0 ,21.7 ,138.8 ,2.6 ,0.4 ,0.0 ,3.0 ,0.9 ,0.1 ,0.0 ,0.9 ,3.9 
0.0 ,0.0 ,"3,325.7 ","1,401.9 ","4,727.7 ","1,068.6 ",188.3 ,0.0 ,"1,256.9 ","5,984.6 ",7.2 ,1.8 ,0.0 ,9.0 ,N/A,N/A,N/A,N/A,N/A,0.2 ,0.0 ,0.0 ,0.2 ,N/A,N/A,N/A,N/A,N/A
0.0 ,0.0 ,711.7 ,192.7 ,904.3 ,70.5 ,85.7 ,0.0 ,156.2 ,"1,060.5 ",1.5 ,0.2 ,0.0 ,1.7 ,N/A,N/A,N/A,N/A,N/A,0.0 ,0.0 ,0.0 ,0.0 ,N/A,N/A,N/A,N/A,N/A
0.0 ,0.0 ,"1,366.5 ",827.8 ,"2,194.3 ","1,301.9 ",63.5 ,0.0 ,"1,365.3 ","3,559.7 ",3.0 ,1.0 ,0.0 ,4.1 ,6.9 ,0.1 ,0.0 ,7.0 ,11.1 ,0.1 ,0.0 ,0.0 ,0.1 ,0.3 ,0.0 ,0.0 ,0.3 ,0.4 
0.0 ,0.0 ,"2,584.0 ","2,665.1 ","5,249.1 ",0.0 ,640.9 ,1.7 ,642.6 ,"5,891.7 ",5.6 ,3.4 ,0.0 ,9.0 ,N/A,N/A,N/A,N/A,N/A,0.2 ,0.0 ,0.0 ,0.2 ,N/A,N/A,N/A,N/A,N/A
0.0 ,0.0 ,"2,669.5 ","1,181.9 ","3,851.4 ","2,044.1 ",82.8 ,0.0 ,"2,127.0 ","5,978.4 ",5.8 ,1.4 ,0.0 ,7.2 ,10.9 ,0.1 ,0.0 ,11.0 ,18.2 ,0.2 ,0.0 ,0.0 ,0.2 ,0.3 ,0.0 ,0.0 ,0.3 ,0.5 
0.0 ,0.0 ,"4,531.4 ","3,058.5 ","7,589.9 ",896.1 ,43.9 ,0.0 ,940.0 ,"8,529.9 ",9.9 ,3.9 ,0.0 ,13.8 ,N/A,N/A,N/A,N/A,N/A,0.3 ,0.1 ,0.0 ,0.3 ,N/A,N/A,N/A,N/A,N/A
0.0 ,0.0 ,"56,050.7 ","31,942.3 ","87,993.0 ","13,409.6 ","1,751.0 ",1.7 ,"15,162.3 ","103,155.3 ",121.5 ,40.3 ,0.0 ,161.8 ,37.9 ,1.8 ,0.0 ,39.8 ,201.6 ,3.5 ,0.6 ,0.0 ,4.1 ,1.4 ,0.1 ,0.0 ,1.5 ,5.6 
0.0 ,0.0 ,"11,454.5 ","6,933.0 ","18,387.5 ","1,762.3 ",625.3 ,0.0 ,"2,387.6 ","20,775.1 ",24.8 ,5.6 ,0.0 ,30.4 ,9.0 ,0.3 ,0.0 ,9.3 ,39.7 ,0.7 ,0.2 ,0.0 ,1.0 ,0.3 ,0.0 ,0.0 ,0.3 ,1.3 
0.0 ,0.0 ,"6,793.1 ","6,846.6 ","13,639.7 ",87.1 ,"1,175.2 ",115.6 ,"1,377.9 ","15,017.6 ",14.7 ,5.4 ,0.0 ,20.1 ,0.2 ,3.5 ,0.0 ,3.7 ,23.8 ,0.4 ,0.2 ,0.0 ,0.6 ,0.0 ,0.0 ,0.0 ,0.1 ,0.6 
"240,190.0 ","115,696.0 ","636,190.1 ","374,659.8 ","1,010,849.9 ","99,678.5 ","50,831.3 ",162.7 ,"150,672.5 ","1,161,522.4 ","1,377.7 ",372.0 ,0.1 ,"1,749.7 ",298.2 ,55.6 ,0.0 ,353.8 ,"2,103.5 ",40.0 ,8.4 ,0.0 ,48.4 ,10.7 ,2.1 ,0.0 ,12.8 ,61.3 
0.0 ,0.0 ,"13,446.2 ","7,915.9 ","21,362.1 ","1,659.5 ",695.6 ,0.0 ,"2,355.2 ","23,717.2 ",29.1 ,6.8 ,0.0 ,35.9 ,7.0 ,0.9 ,0.0 ,7.9 ,43.8 ,0.8 ,0.2 ,0.0 ,1.0 ,0.2 ,0.0 ,0.0 ,0.2 ,1.3 
0.0 ,0.0 ,"16,734.3 ","7,341.6 ","24,075.8 ","2,649.7 ",599.9 ,0.0 ,"3,249.6 ","27,325.4 ",36.2 ,6.5 ,0.0 ,42.7 ,6.8 ,0.2 ,0.0 ,6.9 ,49.6 ,1.1 ,0.1 ,0.0 ,1.2 ,0.5 ,0.0 ,0.0 ,0.5 ,1.7 
0.0 ,"485,922.0 ","35,590.5 ","16,094.0 ","51,684.5 ","6,205.8 ","1,415.4 ",0.0 ,"7,621.2 ","59,305.7 ",77.0 ,20.3 ,0.3 ,97.6 ,26.9 ,2.5 ,0.0 ,29.4 ,127.0 ,2.2 ,0.3 ,0.1 ,2.6 ,1.0 ,0.1 ,0.0 ,1.1 ,3.7 
"9,604.0 ","183,920.0 ","38,831.3 ","15,910.8 ","54,742.1 ","10,243.8 ","5,849.8 ",0.0 ,"16,093.5 ","70,835.7 ",84.1 ,13.5 ,0.1 ,97.7 ,35.8 ,8.3 ,0.0 ,44.1 ,141.8 ,2.4 ,0.4 ,0.0 ,2.9 ,1.3 ,0.4 ,0.0 ,1.7 ,4.6 
*0.0,*0.0,*42099.2,*19859.3,*61958.5,*5317.7,*4276.8,*0.0,*9594.5,*71553,*91.1,*23.5,*0.0,*114.6,*26,*4.6,*0.0,*30.7,*145.3,*2.6,*0.5,*0.0,*3.1,*0.9,*0.3,*0.0,*1.2,*4.3
0.0 ,0.0 ,"2,391.5 ","1,153.2 ","3,544.7 ",420.6 ,708.3 ,0.0 ,"1,128.9 ","4,673.6 ",5.2 ,1.0 ,0.0 ,6.2 ,N/A,N/A,N/A,N/A,N/A,0.2 ,0.0 ,0.0 ,0.2 ,N/A,N/A,N/A,N/A,N/A
0.0 ,0.0 ,"2,358.8 ",814.5 ,"3,173.3 ",978.7 ,76.5 ,0.0 ,"1,055.2 ","4,228.5 ",5.1 ,0.9 ,0.0 ,6.0 ,0.0 ,0.1 ,0.0 ,0.1 ,6.1 ,0.1 ,0.0 ,0.0 ,0.2 ,0.0 ,0.0 ,0.0 ,0.0 ,0.2 
0.0 ,0.0 ,418.4 ,147.2 ,565.6 ,661.3 ,112.5 ,0.0 ,773.7 ,"1,339.4 ",0.9 ,0.1 ,0.0 ,1.0 ,3.9 ,0.2 ,0.0 ,4.0 ,5.1 ,0.0 ,0.0 ,0.0 ,0.0 ,0.2 ,0.0 ,0.0 ,0.2 ,0.2 
0.0 ,0.0 ,"1,124.5 ","1,136.5 ","2,261.0 ","1,072.3 ","1,191.4 ",0.0 ,"2,263.7 ","4,524.6 ",2.4 ,1.4 ,0.0 ,3.9 ,5.1 ,1.9 ,0.0 ,7.0 ,10.9 ,0.1 ,0.0 ,0.0 ,0.1 ,0.1 ,0.1 ,0.0 ,0.2 ,0.3 
0.0 ,0.0 ,"1,476.2 ",894.2 ,"2,370.3 ","2,272.5 ",137.2 ,0.0 ,"2,409.7 ","4,780.0 ",3.2 ,0.8 ,0.0 ,4.0 ,10.3 ,0.2 ,0.0 ,10.5 ,14.5 ,0.1 ,0.0 ,0.0 ,0.1 ,0.2 ,0.0 ,0.0 ,0.2 ,0.3 
*0.0,*0.0,*1765,*1052.2,*2817.2,*1525.4,*129.8,*0.0,*1655.2,*4472.4,*3.8,*0.9,*0.0,*4.8,*6.5,*0.1,*0.0,*6.7,*11.4,*0.1,*0,*0.0,*0.1,*0.1,*0,*0.0,*0.1,*0.3
"2,035.0 ","121,524.0 ",920.8 ,599.9 ,"1,520.7 ",909.8 ,86.5 ,0.0 ,996.3 ,"2,517.0 ",2.0 ,0.7 ,0.1 ,2.7 ,4.9 ,0.3 ,0.0 ,5.1 ,7.9 ,0.1 ,0.0 ,0.0 ,0.1 ,0.1 ,0.0 ,0.0 ,0.1 ,0.2 
0.0 ,0.0 ,898.4 ,855.0 ,"1,753.4 ",617.4 ,82.2 ,0.0 ,699.6 ,"2,453.0 ",1.9 ,1.1 ,0.0 ,3.0 ,3.2 ,0.1 ,0.0 ,3.3 ,6.3 ,0.1 ,0.0 ,0.0 ,0.1 ,0.1 ,0.0 ,0.0 ,0.1 ,0.2 
"2,035.0 ","121,524.0 ","53,452.8 ","26,512.0 ","79,964.7 ","13,775.6 ","6,801.2 ",0.0 ,"20,576.8 ","100,541.5 ",115.7 ,30.5 ,0.1 ,146.3 ,59.9 ,7.5 ,0.0 ,67.3 ,213.6 ,3.4 ,0.6 ,0.0 ,4.0 ,1.8 ,0.4 ,0.0 ,2.2 ,6.2 
*0.0,*0.0,*26795.3,*10340.5,*37135.8,*0.0,*3018.7,*3716.6,*6735.3,*43871.1,*58,*12.9,*0.0,*70.9,*N/A,*N/A,*N/A,*N/A,*N/A,*1.7,*0.2,*0.0,*1.9,*N/A,*N/A,*N/A,*N/A,*N/A
0.0 ,0.0 ,709.3 ,460.9 ,"1,170.2 ",429.3 ,38.6 ,0.0 ,468.0 ,"1,638.2 ",1.5 ,0.4 ,0.0 ,2.0 ,2.3 ,0.0 ,0.0 ,2.3 ,4.3 ,0.0 ,0.0 ,0.0 ,0.1 ,0.1 ,0.0 ,0.0 ,0.1 ,0.1 
*0.0,*0.0,*702.8,*94.6,*797.4,*626.4,*95.9,*1.4,*723.7,*1521.1,*1.5,*0.1,*0.0,*1.6,*2,*0,*0,*2,*3.6,*0,*0,*0.0,*0,*0.1,*0,*0,*0.1,*0.1
0.0 ,0.0 ,470.1 ,198.2 ,668.3 ,412.5 ,74.7 ,0.0 ,487.2 ,"1,155.5 ",1.0 ,0.2 ,0.0 ,1.2 ,2.0 ,0.1 ,0.0 ,2.1 ,3.3 ,0.0 ,0.0 ,0.0 ,0.0 ,0.1 ,0.0 ,0.0 ,0.1 ,0.1 
*2922,*0.0,*294.9,*241.2,*536.1,*497.6,*42.6,*0.0,*540.2,*1076.3,*0.6,*0.3,*0.0,*0.9,*1.7,*0,*0.0,*1.7,*2.6,*0,*0,*0.0,*0,*0.1,*0,*0.0,*0.1,*0.1
*0.0,*0.0,*737.1,*39.2,*776.3,*1233.4,*127.9,*0.0,*1361.3,*2137.6,*1.6,*0,*0.0,*1.6,*6.3,*0.1,*0.0,*6.4,*8,*0,*0,*0.0,*0,*0.2,*0,*0.0,*0.2,*0.2
0.0 ,0.0 ,"1,217.6 ",651.8 ,"1,869.5 ",462.7 ,75.9 ,0.0 ,538.6 ,"2,408.0 ",2.6 ,0.8 ,0.0 ,3.5 ,N/A,N/A,N/A,N/A,N/A,0.1 ,0.0 ,0.0 ,0.1 ,N/A,N/A,N/A,N/A,N/A
"2,922.0 ",0.0 ,"30,927.2 ","12,026.5 ","42,953.7 ","3,662.0 ","3,474.3 ","3,718.0 ","10,854.2 ","53,807.9 ",66.9 ,14.8 ,0.0 ,81.7 ,14.2 ,0.3 ,0.0 ,14.5 ,96.2 ,1.9 ,0.2 ,0.0 ,2.2 ,0.4 ,0.0 ,0.0 ,0.5 ,2.6 
0.0 ,"672,094.0 ","36,322.3 ","24,414.3 ","60,736.6 ","2,114.9 ","2,818.7 ",0.0 ,"4,933.6 ","65,670.2 ",78.6 ,29.4 ,0.4 ,108.4 ,1.7 ,6.9 ,0.0 ,8.6 ,117.0 ,2.3 ,0.6 ,0.1 ,2.9 ,0.1 ,0.1 ,0.0 ,0.2 ,3.2 
0.0 ,0.0 ,"1,050.9 ","1,703.1 ","2,754.0 ","1,179.4 ",57.6 ,0.0 ,"1,237.0 ","3,991.0 ",2.4 ,1.5 ,0.0 ,3.9 ,N/A,N/A,N/A,N/A,N/A,0.1 ,0.0 ,0.0 ,0.1 ,N/A,N/A,N/A,N/A,N/A
0.0 ,0.0 ,"1,484.7 ",801.1 ,"2,285.8 ",796.9 ,185.2 ,0.0 ,982.1 ,"3,267.9 ",3.2 ,0.7 ,0.0 ,3.9 ,3.6 ,0.4 ,0.0 ,3.9 ,7.9 ,0.1 ,0.0 ,0.0 ,0.1 ,0.1 ,0.0 ,0.0 ,0.1 ,0.2 
0.0 ,0.0 ,545.6 ,610.2 ,"1,155.8 ",52.8 ,803.2 ,0.0 ,856.0 ,"2,011.9 ",1.2 ,0.5 ,0.0 ,1.7 ,0.1 ,2.6 ,0.0 ,2.7 ,4.4 ,0.0 ,0.0 ,0.0 ,0.0 ,0.0 ,0.0 ,0.0 ,0.0 ,0.1 
0.0 ,0.0 ,"2,080.9 ","2,157.4 ","4,238.3 ",702.3 ,34.0 ,0.0 ,736.3 ,"4,974.6 ",4.5 ,1.9 ,0.0 ,6.5 ,3.8 ,0.0 ,0.0 ,3.9 ,10.3 ,0.1 ,0.0 ,0.0 ,0.2 ,0.2 ,0.0 ,0.0 ,0.2 ,0.3 
*0.0,*0.0,*1019.2,*669.2,*1688.4,*36,*1089.3,*0.0,*1125.3,*2813.7,*2.2,*0.8,*0.0,*3,*0.1,*3.7,*0.0,*3.8,*6.8,*0.1,*0,*0.0,*0.1,*0,*0.1,*0.0,*0.1,*0.2
0.0 ,0.0 ,709.2 ,467.1 ,"1,176.3 ",524.6 ,77.2 ,0.0 ,601.8 ,"1,778.1 ",1.5 ,0.4 ,0.0 ,2.0 ,N/A,N/A,N/A,N/A,N/A,0.0 ,0.0 ,0.0 ,0.1 ,N/A,N/A,N/A,N/A,N/A
0.0 ,"672,094.0 ","43,212.8 ","30,822.5 ","74,035.4 ","5,406.8 ","5,065.2 ",0.0 ,"10,472.1 ","84,507.4 ",93.6 ,35.4 ,0.4 ,129.4 ,9.3 ,13.6 ,0.0 ,22.9 ,152.3 ,2.7 ,0.7 ,0.1 ,3.5 ,0.4 ,0.3 ,0.0 ,0.7 ,4.2 
0.0 ,0.0 ,538.0 ,282.7 ,820.8 ,0.0 ,33.3 ,0.0 ,33.3 ,854.0 ,1.2 ,0.2 ,0.0 ,1.4 ,N/A,N/A,N/A,N/A,N/A,0.0 ,0.0 ,0.0 ,0.1 ,N/A,N/A,N/A,N/A,N/A
0.0 ,0.0 ,"12,697.0 ","6,281.0 ","18,977.9 ","2,467.5 ","1,165.1 ",0.0 ,"3,632.6 ","22,610.5 ",27.5 ,5.3 ,0.0 ,32.8 ,N/A,N/A,N/A,N/A,N/A,0.8 ,0.2 ,0.0 ,1.0 ,N/A,N/A,N/A,N/A,N/A
0.0 ,0.0 ,"14,630.0 ","8,260.8 ","22,890.9 ","24,261.8 ",234.9 ,0.0 ,"24,496.7 ","47,387.6 ",31.7 ,10.5 ,0.0 ,42.1 ,85.0 ,0.8 ,0.0 ,85.8 ,127.9 ,0.9 ,0.2 ,0.0 ,1.1 ,4.9 ,0.0 ,0.0 ,4.9 ,6.0 
0.0 ,0.0 ,"12,928.5 ","6,016.5 ","18,945.0 ","2,076.4 ","1,035.1 ",0.0 ,"3,111.5 ","22,056.5 ",28.0 ,5.4 ,0.0 ,33.4 ,9.7 ,6.8 ,0.0 ,16.5 ,49.9 ,0.8 ,0.1 ,0.0 ,0.9 ,0.3 ,0.2 ,0.0 ,0.5 ,1.4 
*0.0,*0.0,*26255.8,*3645.7,*29901.5,*563,*6430.9,*0.0,*6993.9,*36895.3,*56.8,*3.3,*0.0,*60.1,*1.4,*23.4,*0.0,*24.8,*84.9,*1.7,*0.1,*0.0,*1.7,*0.1,*2.3,*0.0,*2.4,*4.1
0.0 ,0.0 ,994.3 ,"1,067.7 ","2,062.0 ",0.0 ,112.3 ,0.0 ,112.3 ,"2,174.2 ",2.2 ,0.7 ,0.0 ,2.8 ,N/A,N/A,N/A,N/A,N/A,0.1 ,0.0 ,0.0 ,0.1 ,N/A,N/A,N/A,N/A,N/A
0.0 ,0.0 ,"1,670.4 ",616.7 ,"2,287.1 ","1,158.7 ",100.5 ,0.0 ,"1,259.2 ","3,546.3 ",3.6 ,0.6 ,0.0 ,4.2 ,4.2 ,0.1 ,0.0 ,4.3 ,8.5 ,0.1 ,0.0 ,0.0 ,0.1 ,0.1 ,0.0 ,0.0 ,0.1 ,0.3 
0.0 ,0.0 ,"1,732.1 ",880.9 ,"2,613.1 ","1,302.0 ",201.2 ,0.0 ,"1,503.1 ","4,116.2 ",3.7 ,0.8 ,0.0 ,4.5 ,1.9 ,0.2 ,0.0 ,2.1 ,6.6 ,0.1 ,0.0 ,0.0 ,0.1 ,0.1 ,0.0 ,0.0 ,0.1 ,0.2 
0.0 ,0.0 ,"2,181.8 ","1,825.2 ","4,006.9 ",709.4 ,90.1 ,0.0 ,799.5 ,"4,806.4 ",4.7 ,1.6 ,0.0 ,6.4 ,4.2 ,0.0 ,0.0 ,4.2 ,10.6 ,0.1 ,0.0 ,0.0 ,0.2 ,0.2 ,0.0 ,0.0 ,0.2 ,0.4 
0.0 ,"89,300.0 ",220.2 ,35.8 ,256.0 ,587.1 ,37.9 ,0.0 ,624.9 ,880.9 ,0.5 ,0.0 ,0.0 ,0.6 ,2.7 ,0.1 ,0.0 ,2.7 ,3.3 ,0.0 ,0.0 ,0.0 ,0.0 ,0.1 ,0.0 ,0.0 ,0.1 ,0.1 
0.0 ,"89,300.0 ","33,054.7 ","8,071.9 ","41,126.6 ","4,320.1 ","6,972.8 ",0.0 ,"11,292.8 ","52,419.4 ",71.6 ,7.0 ,0.0 ,78.6 ,14.3 ,23.8 ,0.0 ,38.1 ,116.7 ,2.1 ,0.1 ,0.0 ,2.2 ,0.6 ,2.3 ,0.0 ,2.9 ,5.1 
0.0 ,0.0 ,"21,377.1 ","13,189.9 ","34,567.0 ","3,727.1 ","1,095.8 ",0.0 ,"4,822.9 ","39,389.9 ",46.3 ,11.3 ,0.0 ,57.6 ,20.8 ,1.0 ,0.0 ,21.7 ,79.3 ,1.3 ,0.3 ,0.0 ,1.7 ,0.9 ,0.0 ,0.0 ,0.9 ,2.6 
*0.0,*0.0,*21920.8,*16787.3,*38708.1,*2327,*197.8,*0.0,*2524.8,*41232.9,*47.4,*13.8,*0.0,*61.2,*10.7,*0.2,*0.0,*10.9,*72.2,*1.4,*0.5,*0.0,*1.9,*0.4,*0,*0.0,*0.4,*2.3
0.0 ,0.0 ,"11,468.0 ","4,935.9 ","16,403.9 ","1,586.9 ","1,035.7 ",0.0 ,"2,622.5 ","19,026.5 ",24.2 ,5.1 ,0.0 ,29.3 ,N/A,N/A,N/A,N/A,N/A,0.7 ,0.1 ,0.0 ,0.8 ,N/A,N/A,N/A,N/A,N/A
0.0 ,0.0 ,"33,010.8 ","14,782.5 ","47,793.4 ","9,248.1 ","2,193.6 ",0.0 ,"11,441.7 ","59,235.1 ",71.5 ,13.2 ,0.0 ,84.6 ,N/A,N/A,N/A,N/A,N/A,2.1 ,0.3 ,0.0 ,2.4 ,N/A,N/A,N/A,N/A,N/A
"14,561.0 ","1,552,760.0 ","393,820.0 ","195,231.8 ","589,051.8 ","93,618.1 ","37,865.3 ","3,718.0 ","135,201.4 ","724,253.2 ",851.9 ,199.5 ,0.8 ,"1,052.3 ",300.4 ,65.8 ,0.0 ,366.2 ,"1,418.4 ",24.7 ,4.3 ,0.2 ,29.3 ,12.6 ,3.8 ,0.0 ,16.4 ,45.7 
0.0 ,0.0 ,"102,563.9 ","72,714.9 ","175,278.8 ",911.8 ,"1,166.3 ",0.0 ,"2,078.2 ","177,357.0 ",222.0 ,89.4 ,0.0 ,311.4 ,N/A,N/A,N/A,N/A,N/A,6.4 ,1.5 ,0.0 ,8.0 ,N/A,N/A,N/A,N/A,N/A
0.0 ,"5,504.0 ","34,562.3 ","17,573.5 ","52,135.7 ","3,408.7 ","1,216.2 ",0.0 ,"4,624.8 ","56,760.5 ",74.8 ,14.3 ,0.0 ,89.1 ,15.7 ,2.0 ,0.0 ,17.7 ,106.9 ,2.2 ,0.3 ,0.0 ,2.5 ,0.4 ,0.1 ,0.0 ,0.5 ,3.0 
0.0 ,0.0 ,"26,174.1 ","19,901.2 ","46,075.3 ","3,898.2 ",827.0 ,0.0 ,"4,725.2 ","50,800.5 ",56.7 ,17.7 ,0.0 ,74.3 ,8.0 ,0.1 ,0.0 ,8.1 ,82.4 ,1.6 ,0.3 ,0.0 ,2.0 ,0.2 ,0.0 ,0.0 ,0.2 ,2.2 
0.0 ,0.0 ,"10,216.0 ","5,742.2 ","15,958.2 ","3,752.5 ",561.7 ,0.0 ,"4,314.2 ","20,272.4 ",22.1 ,7.3 ,0.0 ,29.4 ,9.9 ,0.6 ,0.0 ,10.6 ,40.0 ,0.6 ,0.1 ,0.0 ,0.7 ,0.2 ,0.0 ,0.0 ,0.3 ,1.0 
0.0 ,0.0 ,"27,402.9 ","17,647.7 ","45,050.5 ","3,310.4 ",923.5 ,0.0 ,"4,233.9 ","49,284.4 ",59.3 ,17.8 ,0.0 ,77.1 ,N/A,N/A,N/A,N/A,N/A,1.7 ,0.6 ,0.0 ,2.4 ,N/A,N/A,N/A,N/A,N/A
0.0 ,0.0 ,"37,401.7 ","35,195.4 ","72,597.1 ","13,662.7 ","2,932.0 ",0.0 ,"16,594.7 ","89,191.8 ",81.0 ,31.4 ,0.0 ,112.4 ,68.7 ,4.8 ,0.0 ,73.4 ,185.8 ,2.4 ,0.9 ,0.0 ,3.3 ,1.9 ,0.2 ,0.0 ,2.2 ,5.4 
0.0 ,0.0 ,"17,721.3 ","8,409.2 ","26,130.5 ","2,864.6 ",717.1 ,0.0 ,"3,581.7 ","29,712.2 ",38.4 ,7.6 ,0.0 ,46.0 ,11.8 ,0.2 ,0.0 ,12.1 ,58.0 ,1.1 ,0.1 ,0.0 ,1.2 ,0.1 ,0.0 ,0.0 ,0.1 ,1.4 
0.0 ,0.0 ,"43,983.5 ","26,360.7 ","70,344.2 ","6,443.3 ","4,867.0 ",0.0 ,"11,310.3 ","81,654.6 ",95.3 ,33.4 ,0.0 ,128.7 ,N/A,N/A,N/A,N/A,N/A,2.8 ,0.5 ,0.0 ,3.3 ,N/A,N/A,N/A,N/A,N/A
0.0 ,0.0 ,"2,460.6 ",186.5 ,"2,647.1 ","1,257.9 ",202.7 ,0.0 ,"1,460.6 ","4,107.7 ",5.3 ,0.2 ,0.0 ,5.6 ,N/A,N/A,N/A,N/A,N/A,0.2 ,0.0 ,0.0 ,0.2 ,N/A,N/A,N/A,N/A,N/A
0.0 ,0.0 ,"1,608.0 ","1,214.0 ","2,821.9 ","1,128.4 ",51.7 ,0.0 ,"1,180.1 ","4,002.1 ",3.5 ,1.1 ,0.0 ,4.6 ,4.8 ,0.1 ,0.0 ,4.9 ,9.5 ,0.1 ,0.0 ,0.0 ,0.1 ,0.1 ,0.0 ,0.0 ,0.1 ,0.3 
0.0 ,0.0 ,"1,439.8 ","1,051.5 ","2,491.3 ","1,021.6 ",63.7 ,0.0 ,"1,085.3 ","3,576.5 ",3.1 ,1.3 ,0.0 ,4.4 ,N/A,N/A,N/A,N/A,N/A,0.1 ,0.0 ,0.0 ,0.1 ,N/A,N/A,N/A,N/A,N/A
*0.0,*0.0,*1357.2,*1203.5,*2560.7,*1015.2,*74.5,*162.1,*1251.8,*3812.6,*2.9,*1.1,*0.0,*4,*5.7,*0.1,*1.2,*6.9,*11,*0.1,*0,*0.0,*0.1,*0.2,*0,*0,*0.3,*0.4
0.0 ,0.0 ,387.0 ,143.8 ,530.8 ,902.6 ,81.7 ,0.0 ,984.3 ,"1,515.1 ",0.8 ,0.2 ,0.0 ,1.0 ,N/A,N/A,N/A,N/A,N/A,0.0 ,0.0 ,0.0 ,0.0 ,N/A,N/A,N/A,N/A,N/A
0.0 ,0.0 ,"1,079.0 ","1,277.6 ","2,356.6 ",30.6 ,127.4 ,"1,132.2 ","1,290.2 ","3,646.8 ",2.4 ,1.2 ,0.0 ,3.5 ,0.1 ,0.4 ,6.3 ,6.8 ,10.3 ,0.1 ,0.0 ,0.0 ,0.1 ,0.0 ,0.0 ,0.2 ,0.2 ,0.3 
0.0 ,0.0 ,"1,392.6 ","1,854.9 ","3,247.5 ",727.0 ,111.3 ,0.0 ,838.3 ,"4,085.9 ",3.0 ,1.7 ,0.0 ,4.7 ,N/A,N/A,N/A,N/A,N/A,0.1 ,0.0 ,0.0 ,0.1 ,N/A,N/A,N/A,N/A,N/A
0.0 ,0.0 ,"1,399.3 ","6,216.8 ","7,616.2 ",675.2 ,43.9 ,0.0 ,719.1 ,"8,335.3 ",3.0 ,5.6 ,0.0 ,8.7 ,N/A,N/A,N/A,N/A,N/A,0.1 ,0.1 ,0.0 ,0.2 ,N/A,N/A,N/A,N/A,N/A
0.0 ,0.0 ,"55,107.2 ","39,509.2 ","94,616.4 ","13,201.7 ","5,624.1 ","1,294.3 ","20,120.1 ","114,736.5 ",119.4 ,45.8 ,0.0 ,165.1 ,10.6 ,0.6 ,7.5 ,18.6 ,183.8 ,3.5 ,0.7 ,0.0 ,4.2 ,0.4 ,0.0 ,0.2 ,0.6 ,4.7 
0.0 ,0.0 ,"39,869.9 ","11,547.0 ","51,416.9 ","2,418.0 ",55.4 ,0.0 ,"2,473.5 ","53,890.4 ",86.3 ,15.2 ,0.0 ,101.5 ,N/A,N/A,N/A,N/A,N/A,2.5 ,1.3 ,0.0 ,3.8 ,N/A,N/A,N/A,N/A,N/A
*0.0,*2834000,*20760.6,*7716.2,*28476.8,*2932.1,*1070.2,*0.0,*4002.3,*32479.1,*44.9,*6.9,*1.5,*53.4,*24.9,*0.7,*0.0,*25.6,*78.9,*1.3,*0.1,*0.4,*1.8,*0.8,*0,*0.0,*0.8,*2.6
0.0 ,0.0 ,"28,497.4 ","18,070.3 ","46,567.6 ","2,877.9 ",635.2 ,0.0 ,"3,513.1 ","50,080.7 ",61.7 ,16.0 ,0.0 ,77.7 ,18.8 ,0.6 ,0.0 ,19.4 ,97.0 ,1.8 ,0.3 ,0.0 ,2.1 ,0.7 ,0.0 ,0.0 ,0.7 ,2.8 
*0.0,*0.0,*20898.8,*23363.7,*44262.5,*8888.5,*1403,*0.0,*10291.5,*54554,*45.2,*20.8,*0.0,*66,*N/A,*N/A,*N/A,*N/A,*N/A,*1.3,*0.4,*0.0,*1.7,*N/A,*N/A,*N/A,*N/A,*N/A
*0.0,*0.0,*637.7,*553.8,*1191.5,*673.4,*61,*0.0,*734.5,*1925.9,*1.4,*0.5,*0.0,*1.9,*N/A,*N/A,*N/A,*N/A,*N/A,*0,*0,*0.0,*0,*N/A,*N/A,*N/A,*N/A,*N/A
*0.0,*0.0,*2061.2,*1851.1,*3912.4,*819.5,*97.3,*0.0,*916.8,*4829.2,*4.5,*1.7,*0.0,*6.2,*3.8,*0.1,*0.0,*4,*10.2,*0.1,*0,*0.0,*0.2,*0.1,*0,*0.0,*0.1,*0.3
*0.0,*0.0,*2008.3,*1028.8,*3037.1,*1035.3,*100.3,*0.0,*1135.5,*4172.6,*4.3,*1.3,*0.0,*5.7,*4.7,*0.1,*0.0,*4.8,*10.4,*0.1,*0,*0.0,*0.1,*0.1,*0,*0.0,*0.1,*0.3
0.0 ,0.0 ,"1,963.9 ","1,290.4 ","3,254.4 ","1,406.1 ",185.9 ,0.0 ,"1,592.0 ","4,846.3 ",4.3 ,1.6 ,0.0 ,5.9 ,N/A,N/A,N/A,N/A,N/A,0.1 ,0.0 ,0.0 ,0.1 ,N/A,N/A,N/A,N/A,N/A
0.0 ,0.0 ,"2,727.9 ","1,553.0 ","4,280.9 ","1,060.9 ",0.0 ,0.0 ,"1,060.9 ","5,341.9 ",5.9 ,1.4 ,0.0 ,7.3 ,4.2 ,0.0 ,0.0 ,4.2 ,11.5 ,0.2 ,0.0 ,0.0 ,0.2 ,0.1 ,0.0 ,0.0 ,0.1 ,0.3 
0.0 ,0.0 ,"30,297.8 ","29,640.9 ","59,938.7 ","13,883.7 ","1,847.5 ",0.0 ,"15,731.2 ","75,670.0 ",65.6 ,27.3 ,0.0 ,93.0 ,12.7 ,0.2 ,0.0 ,13.0 ,106.0 ,1.9 ,0.5 ,0.0 ,2.4 ,0.3 ,0.0 ,0.0 ,0.3 ,2.7 
0.0 ,0.0 ,"37,408.3 ","31,906.7 ","69,314.9 ","4,344.9 ",926.5 ,0.0 ,"5,271.4 ","74,586.3 ",81.0 ,25.6 ,0.0 ,106.6 ,13.9 ,0.8 ,0.0 ,14.7 ,121.3 ,2.4 ,1.1 ,0.0 ,3.4 ,0.9 ,0.0 ,0.0 ,0.9 ,4.4 
*0.0,*847023,*31195.8,*14334,*45529.9,*1635.6,*14455.5,*0.0,*16091,*61620.9,*67.5,*12.8,*0.5,*80.8,*4.8,*46,*0.0,*50.9,*131.7,*2,*0.2,*0.1,*2.3,*0.4,*1.8,*0.0,*2.3,*4.6
0.0 ,0.0 ,804.1 ,679.9 ,"1,484.0 ",0.0 ,956.4 ,0.0 ,956.4 ,"2,440.4 ",1.7 ,0.9 ,0.0 ,2.6 ,0.0 ,4.9 ,0.0 ,4.9 ,7.5 ,0.1 ,0.0 ,0.0 ,0.1 ,0.0 ,0.1 ,0.0 ,0.1 ,0.2 
0.0 ,0.0 ,988.6 ,806.7 ,"1,795.3 ",739.5 ,71.0 ,0.0 ,810.5 ,"2,605.8 ",2.1 ,1.0 ,0.0 ,3.1 ,3.8 ,0.1 ,0.0 ,3.9 ,7.0 ,0.1 ,0.0 ,0.0 ,0.1 ,0.1 ,0.0 ,0.0 ,0.1 ,0.2 
*0.0,*0.0,*1342.8,*1287,*2629.8,*895.5,*262.4,*0.0,*1157.9,*3787.8,*2.9,*1.6,*0.0,*4.5,*3.8,*0.5,*0.0,*4.3,*8.8,*0.1,*0,*0.0,*0.1,*0.1,*0,*0.0,*0.2,*0.3
0.0 ,0.0 ,"1,215.3 ","1,288.3 ","2,503.6 ",207.8 ,53.6 ,0.0 ,261.4 ,"2,765.0 ",2.6 ,1.6 ,0.0 ,4.3 ,1.9 ,0.0 ,0.0 ,1.9 ,6.2 ,0.1 ,0.0 ,0.0 ,0.1 ,0.1 ,0.0 ,0.0 ,0.1 ,0.2 
0.0 ,0.0 ,"2,180.6 ","1,395.4 ","3,576.0 ",925.1 ,113.0 ,0.0 ,"1,038.1 ","4,614.1 ",4.7 ,1.0 ,0.0 ,5.7 ,3.8 ,0.1 ,0.0 ,3.9 ,9.7 ,0.1 ,0.0 ,0.0 ,0.2 ,0.1 ,0.0 ,0.0 ,0.1 ,0.2 
0.0 ,0.0 ,727.0 ,259.8 ,986.8 ,912.1 ,46.2 ,0.0 ,958.3 ,"1,945.0 ",1.6 ,0.3 ,0.0 ,1.9 ,3.9 ,0.0 ,0.0 ,3.9 ,5.8 ,0.0 ,0.0 ,0.0 ,0.1 ,0.3 ,0.0 ,0.0 ,0.3 ,0.3 
0.0 ,"847,023.0 ","38,454.2 ","20,051.2 ","58,505.4 ","5,315.6 ","15,958.0 ",0.0 ,"21,273.6 ","79,779.0 ",83.2 ,19.3 ,0.5 ,103.0 ,22.0 ,51.7 ,0.0 ,73.7 ,176.7 ,2.4 ,0.3 ,0.1 ,2.9 ,1.1 ,2.0 ,0.0 ,3.1 ,5.9 
0.0 ,"3,686,527.0 ","506,437.5 ","335,625.5 ","842,063.0 ","76,782.8 ","34,460.8 ","1,294.3 ","112,537.8 ","954,600.8 ","1,096.4 ",341.5 ,2.0 ,"1,439.9 ",217.1 ,62.3 ,7.5 ,286.9 ,"1,726.8 ",31.9 ,8.4 ,0.5 ,40.7 ,7.0 ,2.4 ,0.2 ,9.6 ,50.3 
0.0 ,0.0 ,"20,641.7 ","27,662.9 ","48,304.6 ","2,912.8 ",62.8 ,0.0 ,"2,975.6 ","51,280.2 ",44.7 ,44.1 ,0.0 ,88.7 ,13.1 ,0.4 ,0.0 ,13.4 ,102.2 ,1.3 ,19.5 ,0.0 ,20.8 ,0.4 ,0.0 ,0.0 ,0.5 ,21.2 
*0.0,*196.5,*47586.9,*30469.6,*78056.5,*6872.5,*2256.4,*0.0,*9128.8,*87185.3,*103,*27.4,*0,*130.4,*37.5,*3.3,*0.0,*40.8,*171.2,*3,*0.5,*0,*3.5,*1.5,*0.1,*0.0,*1.7,*5.1
*0.0,*0.0,*19694.9,*12306.2,*32001.1,*1589.2,*692.7,*0.0,*2281.9,*34283.1,*42.6,*11.2,*0.0,*53.9,*N/A,*N/A,*N/A,*N/A,*N/A,*1.2,*0.6,*0.0,*1.9,*N/A,*N/A,*N/A,*N/A,*N/A
*0.0,*0.0,*64542,*60570.6,*125112.5,*0.0,*5620.7,*0.0,*5620.7,*130733.2,*139.7,*86.5,*0.0,*226.3,*N/A,*N/A,*N/A,*N/A,*N/A,*4.1,*22.1,*0.0,*26.1,*N/A,*N/A,*N/A,*N/A,*N/A
*0.0,*0.0,*29087.3,*14371.4,*43458.7,*5043.3,*3255.9,*0.0,*8299.2,*51757.9,*63,*18,*0.0,*80.9,*N/A,*N/A,*N/A,*N/A,*N/A,*1.8,*0.3,*0.0,*2.1,*N/A,*N/A,*N/A,*N/A,*N/A
0.0 ,0.0 ,"29,526.9 ","22,235.3 ","51,762.2 ","2,036.5 ","1,099.6 ",0.0 ,"3,136.1 ","54,898.3 ",63.9 ,29.6 ,0.0 ,93.5 ,8.8 ,0.4 ,0.0 ,9.2 ,102.7 ,1.9 ,4.6 ,0.0 ,6.5 ,0.4 ,0.0 ,0.0 ,0.4 ,6.8 
0.0 ,0.0 ,"34,513.0 ","21,702.2 ","56,215.2 ","7,136.7 ","2,086.0 ",0.0 ,"9,222.8 ","65,437.9 ",74.7 ,21.8 ,0.0 ,96.5 ,N/A,N/A,N/A,N/A,N/A,2.2 ,0.4 ,0.0 ,2.5 ,N/A,N/A,N/A,N/A,N/A
0.0 ,0.0 ,"75,486.3 ","45,707.3 ","121,193.6 ","11,952.3 ","3,758.1 ",0.0 ,"15,710.4 ","136,904.0 ",163.4 ,57.9 ,0.0 ,221.3 ,58.3 ,2.7 ,0.0 ,61.0 ,282.3 ,4.7 ,0.8 ,0.0 ,5.6 ,2.9 ,0.0 ,0.0 ,3.0 ,8.6 
*0.0,*4398330,*18149.5,*8874.4,*27023.9,*2002.6,*707.6,*0.0,*2710.2,*29734.1,*39.3,*10.6,*0.0,*49.9,*N/A,*N/A,*N/A,*N/A,*N/A,*1.1,*0.2,*0.0,*1.3,*N/A,*N/A,*N/A,*N/A,*N/A
0.0 ,"187,031.0 ","18,087.0 ","11,158.8 ","29,245.8 ",0.0 ,"2,888.7 ",0.0 ,"2,888.7 ","32,134.6 ",39.2 ,12.4 ,0.1 ,51.6 ,N/A,N/A,N/A,N/A,N/A,1.1 ,0.6 ,0.0 ,1.7 ,N/A,N/A,N/A,N/A,N/A
0.0 ,0.0 ,"24,615.1 ","25,945.7 ","50,560.8 ",911.7 ,"4,532.8 ",0.0 ,"5,444.6 ","56,005.4 ",54.6 ,29.2 ,0.0 ,83.9 ,1.6 ,3.2 ,0.0 ,4.7 ,88.6 ,1.7 ,0.8 ,0.0 ,2.5 ,0.1 ,0.1 ,0.0 ,0.3 ,2.7 
0.0 ,0.0 ,330.9 ,943.3 ,"1,274.2 ",684.9 ,77.8 ,0.0 ,762.7 ,"2,036.9 ",0.7 ,1.2 ,0.0 ,1.9 ,3.6 ,0.1 ,0.0 ,3.6 ,5.5 ,0.0 ,0.0 ,0.0 ,0.0 ,0.1 ,0.0 ,0.0 ,0.1 ,0.1 
0.0 ,0.0 ,"2,133.1 ","1,193.7 ","3,326.9 ",993.4 ,104.4 ,0.0 ,"1,097.8 ","4,424.6 ",4.6 ,1.1 ,0.0 ,5.7 ,N/A,N/A,N/A,N/A,N/A,0.1 ,0.0 ,0.0 ,0.2 ,N/A,N/A,N/A,N/A,N/A
*0.0,*0.0,*5030.2,*3022.9,*8053.1,*1628.5,*206.2,*0.0,*1834.7,*9887.8,*10.9,*2.5,*0.0,*13.4,*6.5,*0.1,*0.0,*6.6,*20,*0.3,*0.1,*0.0,*0.4,*0.1,*0,*0.0,*0.1,*0.4
0.0 ,0.0 ,583.3 ,283.4 ,866.7 ,449.2 ,74.7 ,0.0 ,523.9 ,"1,390.6 ",1.3 ,0.3 ,0.0 ,1.5 ,N/A,N/A,N/A,N/A,N/A,0.0 ,0.0 ,0.0 ,0.0 ,N/A,N/A,N/A,N/A,N/A
0.0 ,0.0 ,610.4 ,460.4 ,"1,070.8 ",777.2 ,156.9 ,0.0 ,934.1 ,"2,005.0 ",1.3 ,0.4 ,0.0 ,1.7 ,N/A,N/A,N/A,N/A,N/A,0.0 ,0.0 ,0.0 ,0.0 ,N/A,N/A,N/A,N/A,N/A
0.0 ,0.0 ,"2,461.9 ","2,016.0 ","4,478.0 ","1,683.5 ",148.9 ,0.0 ,"1,832.5 ","6,310.4 ",5.3 ,2.6 ,0.0 ,7.9 ,N/A,N/A,N/A,N/A,N/A,0.2 ,0.0 ,0.0 ,0.2 ,N/A,N/A,N/A,N/A,N/A
0.0 ,0.0 ,971.3 ,"1,164.5 ","2,135.8 ","2,316.1 ",72.4 ,0.0 ,"2,388.5 ","4,524.2 ",2.1 ,1.9 ,0.0 ,4.0 ,12.9 ,0.0 ,0.0 ,12.9 ,16.9 ,0.1 ,1.1 ,0.0 ,1.1 ,0.3 ,0.0 ,0.0 ,0.3 ,1.5 
0.0 ,0.0 ,"36,736.4 ","35,029.8 ","71,766.2 ","9,444.6 ","5,374.1 ",0.0 ,"14,818.7 ","86,584.9 ",80.9 ,39.1 ,0.0 ,120.0 ,24.6 ,3.3 ,0.0 ,27.9 ,147.9 ,2.4 ,2.0 ,0.0 ,4.4 ,0.6 ,0.1 ,0.0 ,0.7 ,5.2 
0.0 ,"112,500.0 ","25,876.2 ","15,933.9 ","41,810.1 ","4,057.4 ",961.1 ,0.0 ,"5,018.5 ","46,828.7 ",56.0 ,14.7 ,0.1 ,70.8 ,18.0 ,0.8 ,0.0 ,18.8 ,89.6 ,1.6 ,0.5 ,0.0 ,2.2 ,0.7 ,0.0 ,0.0 ,0.7 ,2.9 
"6,000.0 ",0.0 ,"44,704.4 ","27,737.3 ","72,441.7 ","6,956.1 ","1,508.2 ",0.0 ,"8,464.3 ","80,906.0 ",96.8 ,34.3 ,0.0 ,131.1 ,17.7 ,1.6 ,0.0 ,19.3 ,150.4 ,2.8 ,0.6 ,0.0 ,3.4 ,1.0 ,0.0 ,0.0 ,1.0 ,4.4 
*0.0,*173213.4,*31014,*20217.6,*51231.6,*4320.5,*1615.5,*0.0,*5935.9,*57167.6,*67.1,*29.5,*0.1,*96.7,*19.9,*0.7,*0.0,*20.6,*117.3,*1.9,*8.6,*0,*10.6,*0.7,*0,*0.0,*0.7,*11.3
*0.0,*0.0,*10377.3,*8612,*18989.3,*2582.7,*807.8,*0.0,*3390.4,*22379.7,*22.7,*7.5,*0.0,*30.2,*9.9,*0.3,*0.0,*10.2,*40.4,*0.7,*0.2,*0.0,*0.9,*0.4,*0,*0.0,*0.4,*1.3
"6,000.0 ","4,871,270.9 ","506,023.8 ","362,589.2 ","868,613.0 ","66,907.3 ","32,695.2 ",0.0 ,"99,602.5 ","968,215.5 ","1,097.0 ",444.6 ,0.3 ,"1,541.8 ",207.7 ,13.5 ,0.0 ,221.2 ,"1,763.1 ",31.9 ,61.4 ,0.1 ,93.4 ,8.7 ,0.4 ,0.0 ,9.1 ,102.5 
"607,364.8 ","33,798,342.5 ","4,459,473.5 ","2,834,847.9 ","7,294,321.5 ","688,097.2 ","337,615.8 ","12,865.8 ","1,038,578.8 ","8,332,900.3 ","9,660.1 ","2,999.8 ",15.9 ,"12,675.7 ","2,213.8 ",399.0 ,43.3 ,"2,656.1 ","15,331.8 ",281.0 ,130.8 ,3.9 ,415.7 ,81.3 ,15.4 ,1.7 ,98.4 ,514.1 
